{"textures":{"0":"modelengine:entity/call_phoenix","particle":"#0"},"elements":[{"from":[5.806795,12.722429,12.715384],"to":[8.121796,23.19278,14.851804],"faces":{"east":{"uv":[14.0,8.0,13.75,9.25],"tintindex":0,"rotation":0,"texture":"#0"},"south":{"uv":[14.25,8.0,14.0,9.25],"tintindex":0,"rotation":0,"texture":"#0"},"north":{"uv":[13.75,8.0,13.5,9.25],"tintindex":0,"rotation":0,"texture":"#0"},"west":{"uv":[13.5,8.0,13.25,9.25],"tintindex":0,"rotation":0,"texture":"#0"},"up":{"uv":[13.5,8.0,13.75,7.75],"tintindex":0,"rotation":0,"texture":"#0"},"down":{"uv":[13.75,7.75,14.0,8.0],"tintindex":0,"rotation":0,"texture":"#0"}}},{"from":[7.436075,7.430279,-5.126766],"to":[7.436075,27.307068,14.851804],"faces":{"east":{"uv":[4.875,2.375,2.5,4.75],"tintindex":0,"rotation":0,"texture":"#0"},"west":{"uv":[2.5,2.375,0.125,4.75],"tintindex":0,"rotation":0,"texture":"#0"}}}],"display":{"head":{"rotation":[-133.16309,9.034561,-155.09421]},"firstperson_righthand":{"rotation":[-133.16309,9.034561,-155.09421]},"thirdperson_lefthand":{"rotation":[-133.16309,-9.034561,155.09421]},"firstperson_lefthand":{"rotation":[-133.16309,-9.034561,155.09421]},"fixed":{"rotation":[-133.16309,9.034561,-155.09421]},"ground":{"rotation":[-133.16309,9.034561,-155.09421]},"thirdperson_righthand":{"rotation":[-133.16309,9.034561,-155.09421]},"gui":{"rotation":[-20.740808,21.510857,58.57412]}}}