{"textures":{"0":"modelengine:entity/call_phoenix","particle":"#0"},"elements":[{"from":[6.7168922,7.0917563,6.196366],"to":[9.031893,14.119608,8.332796],"faces":{"east":{"uv":[14.25,0.25,14.0,1.125],"tintindex":0,"rotation":0,"texture":"#0"},"south":{"uv":[14.5,0.25,14.25,1.125],"tintindex":0,"rotation":0,"texture":"#0"},"north":{"uv":[14.0,0.25,13.75,1.125],"tintindex":0,"rotation":0,"texture":"#0"},"west":{"uv":[13.75,0.25,13.5,1.125],"tintindex":0,"rotation":0,"texture":"#0"},"up":{"uv":[13.75,0.25,14.0,0.0],"tintindex":0,"rotation":0,"texture":"#0"},"down":{"uv":[14.0,0.0,14.25,0.25],"tintindex":0,"rotation":0,"texture":"#0"}}}],"display":{"head":{"rotation":[-124.030304,-5.879723,-158.03148]},"firstperson_righthand":{"rotation":[-124.030304,-5.879723,-158.03148]},"thirdperson_lefthand":{"rotation":[-124.030304,5.879723,158.03148]},"firstperson_lefthand":{"rotation":[-124.030304,5.879723,158.03148]},"fixed":{"rotation":[-124.030304,-5.879723,-158.03148]},"ground":{"rotation":[-124.030304,-5.879723,-158.03148]},"thirdperson_righthand":{"rotation":[-124.030304,-5.879723,-158.03148]},"gui":{"rotation":[-38.7128,27.77973,63.44764]}}}