{"textures":{"0":"modelengine:entity/call_phoenix","particle":"#0"},"elements":[{"from":[9.057442,4.1901736,4.8893547],"to":[13.326732,8.933023,9.175065],"faces":{"east":{"uv":[13.25,6.25,13.75,6.75],"tintindex":0,"rotation":0,"texture":"#0"},"south":{"uv":[14.75,6.25,15.25,6.75],"tintindex":0,"rotation":0,"texture":"#0"},"north":{"uv":[13.75,6.25,14.25,6.75],"tintindex":0,"rotation":0,"texture":"#0"},"west":{"uv":[14.25,6.25,14.75,6.75],"tintindex":0,"rotation":0,"texture":"#0"},"up":{"uv":[14.25,6.25,13.75,5.75],"tintindex":0,"rotation":0,"texture":"#0"},"down":{"uv":[14.75,5.75,14.25,6.25],"tintindex":0,"rotation":0,"texture":"#0"}}},{"from":[3.8148685,4.190174,8.560244],"to":[8.084158,8.933023,12.845954],"faces":{"east":{"uv":[13.25,7.25,13.75,7.75],"tintindex":0,"rotation":0,"texture":"#0"},"south":{"uv":[14.75,7.25,15.25,7.75],"tintindex":0,"rotation":0,"texture":"#0"},"north":{"uv":[13.75,7.25,14.25,7.75],"tintindex":0,"rotation":0,"texture":"#0"},"west":{"uv":[14.25,7.25,14.75,7.75],"tintindex":0,"rotation":0,"texture":"#0"},"up":{"uv":[14.25,7.25,13.75,6.75],"tintindex":0,"rotation":0,"texture":"#0"},"down":{"uv":[14.75,6.75,14.25,7.25],"tintindex":0,"rotation":0,"texture":"#0"}}}],"display":{"head":{"rotation":[12.500005,-35.0,9.2536146E-7]},"firstperson_righthand":{"rotation":[12.500005,-35.0,9.2536146E-7]},"thirdperson_lefthand":{"rotation":[12.500005,35.0,-9.2536146E-7]},"firstperson_lefthand":{"rotation":[12.500005,35.0,-9.2536146E-7]},"fixed":{"rotation":[12.500005,-35.0,9.2536146E-7]},"ground":{"rotation":[12.500005,-35.0,9.2536146E-7]},"thirdperson_righthand":{"rotation":[12.500005,-35.0,9.2536146E-7]},"gui":{"rotation":[-160.34695,-9.202147,171.08081]}}}