{"textures":{"0":"modelengine:entity/call_phoenix","particle":"#0"},"elements":[{"from":[3.106215,7.4243884,4.212434],"to":[6.792645,12.104948,5.943864],"faces":{"east":{"uv":[2.75,11.5,2.875,12.0],"tintindex":0,"rotation":0,"texture":"#0"},"south":{"uv":[3.375,11.5,3.75,12.0],"tintindex":0,"rotation":0,"texture":"#0"},"north":{"uv":[2.875,11.5,3.25,12.0],"tintindex":0,"rotation":0,"texture":"#0"},"west":{"uv":[3.25,11.5,3.375,12.0],"tintindex":0,"rotation":0,"texture":"#0"},"up":{"uv":[3.25,11.5,2.875,11.375],"tintindex":0,"rotation":0,"texture":"#0"},"down":{"uv":[3.625,11.375,3.25,11.5],"tintindex":0,"rotation":0,"texture":"#0"}}}],"display":{"head":{"rotation":[-36.778984,52.0662,15.646824]},"firstperson_righthand":{"rotation":[-36.778984,52.0662,15.646824]},"thirdperson_lefthand":{"rotation":[-36.778984,-52.0662,-15.646824]},"firstperson_lefthand":{"rotation":[-36.778984,-52.0662,-15.646824]},"fixed":{"rotation":[-36.778984,52.0662,15.646824]},"ground":{"rotation":[-36.778984,52.0662,15.646824]},"thirdperson_righthand":{"rotation":[-36.778984,52.0662,15.646824]},"gui":{"rotation":[-30.347197,-64.94196,-72.72901]}}}