{"textures":{"0":"modelengine:entity/call_phoenix","particle":"#0"},"elements":[{"from":[9.250384,7.4364405,4.1551027],"to":[12.936814,11.736049,5.886533],"faces":{"east":{"uv":[3.375,11.5,3.25,12.0],"tintindex":0,"rotation":0,"texture":"#0"},"south":{"uv":[3.75,11.5,3.375,12.0],"tintindex":0,"rotation":0,"texture":"#0"},"north":{"uv":[3.25,11.5,2.875,12.0],"tintindex":0,"rotation":0,"texture":"#0"},"west":{"uv":[2.875,11.5,2.75,12.0],"tintindex":0,"rotation":0,"texture":"#0"},"up":{"uv":[2.875,11.5,3.25,11.375],"tintindex":0,"rotation":0,"texture":"#0"},"down":{"uv":[3.25,11.375,3.625,11.5],"tintindex":0,"rotation":0,"texture":"#0"}}}],"display":{"head":{"rotation":[-36.778984,-52.0662,-15.646824]},"firstperson_righthand":{"rotation":[-36.778984,-52.0662,-15.646824]},"thirdperson_lefthand":{"rotation":[-36.778984,52.0662,15.646824]},"firstperson_lefthand":{"rotation":[-36.778984,52.0662,15.646824]},"fixed":{"rotation":[-36.778984,-52.0662,-15.646824]},"ground":{"rotation":[-36.778984,-52.0662,-15.646824]},"thirdperson_righthand":{"rotation":[-36.778984,-52.0662,-15.646824]},"gui":{"rotation":[-127.887505,12.095486,-169.99011]}}}