{"textures":{"0":"modelengine:entity/ventus","particle":"#0"},"elements":[{"from":[4.11642,5.3134804,4.83467],"to":[8.10879,8.469259,4.83467],"faces":{"south":{"uv":[2.448768,7.153966,2.5940337,7.2286158],"tintindex":0,"rotation":0,"texture":"#0"},"north":{"uv":[2.448768,7.004666,2.5940337,7.0793157],"tintindex":0,"rotation":0,"texture":"#0"}},"rotation":{"origin":[6.11263,7.4520206,4.83467],"angle":-22.5,"axis":"z"}},{"from":[4.07862,3.9146194,5.2642198],"to":[13.64114,8.69117,12.0059395],"faces":{"east":{"uv":[1.8677043,2.2643857,2.1167314,2.376361],"tintindex":0,"rotation":0,"texture":"#0"},"south":{"uv":[3.0298314,0.02488336,3.3826199,0.13685848],"tintindex":0,"rotation":0,"texture":"#0"},"north":{"uv":[3.0298314,0.22395024,3.3826199,0.33592534],"tintindex":0,"rotation":0,"texture":"#0"},"west":{"uv":[3.7769132,1.0202178,4.0259404,1.1321929],"tintindex":0,"rotation":0,"texture":"#0"},"up":{"uv":[2.0544746,1.7169518,1.7016861,1.5676516],"tintindex":0,"rotation":180,"texture":"#0"},"down":{"uv":[0.39429313,1.6174184,0.04150454,1.7667185],"tintindex":0,"rotation":180,"texture":"#0"}}},{"from":[2.3976498,4.655901,5.08497],"to":[13.04707,8.1712,12.18521],"faces":{"east":{"uv":[4.3579764,1.2690513,4.627756,1.3437014],"tintindex":0,"rotation":180,"texture":"#0"},"south":{"uv":[3.527886,0.6718507,3.922179,0.7465008],"tintindex":0,"rotation":180,"texture":"#0"},"north":{"uv":[1.8677043,2.1150856,2.2619975,2.1897357],"tintindex":0,"rotation":180,"texture":"#0"},"west":{"uv":[4.3579764,2.4136858,4.627756,2.488336],"tintindex":0,"rotation":180,"texture":"#0"},"up":{"uv":[0.43579766,1.3685848,0.04150454,1.5303266],"tintindex":0,"rotation":0,"texture":"#0"},"down":{"uv":[2.2619975,1.48056,1.8677043,1.3188181],"tintindex":0,"rotation":0,"texture":"#0"}},"rotation":{"origin":[8.25981,3.365881,8.472],"angle":-22.5,"axis":"z"}}],"display":{"head":{"rotation":[0.0,0.0,0.0]},"firstperson_righthand":{"rotation":[0.0,0.0,0.0]},"thirdperson_lefthand":{"rotation":[0.0,-0.0,-0.0]},"firstperson_lefthand":{"rotation":[0.0,-0.0,-0.0]},"fixed":{"rotation":[0.0,0.0,0.0]},"ground":{"rotation":[0.0,0.0,0.0]},"thirdperson_righthand":{"rotation":[0.0,0.0,0.0]},"gui":{"rotation":[-150.0,-45.0,180.0]}}}