{"textures":{"0":"modelengine:entity/ventus","particle":"#0"},"elements":[{"from":[4.57764,13.33054,3.4025097],"to":[7.4138002,16.166698,4.24349],"faces":{"east":{"uv":[3.1128404,7.153966,3.154345,7.216174],"tintindex":0,"rotation":0,"texture":"#0"},"south":{"uv":[0.04150454,7.9502335,0.14526589,8.012442],"tintindex":0,"rotation":0,"texture":"#0"},"north":{"uv":[2.1167314,7.900467,2.2204928,7.962675],"tintindex":0,"rotation":0,"texture":"#0"},"west":{"uv":[1.535668,8.248834,1.5771725,8.311042],"tintindex":0,"rotation":0,"texture":"#0"},"up":{"uv":[1.8054475,8.273717,1.7016861,8.248834],"tintindex":0,"rotation":0,"texture":"#0"},"down":{"uv":[3.2166018,7.6516333,3.1128404,7.6765165],"tintindex":0,"rotation":0,"texture":"#0"}},"rotation":{"origin":[5.57502,15.129341,3.68285],"angle":-22.5,"axis":"z"}},{"from":[2.3582802,6.833359,4.49369],"to":[13.22473,9.28874,12.15473],"faces":{"east":{"uv":[4.6070037,0.622084,4.897536,0.6718507],"tintindex":0,"rotation":0,"texture":"#0"},"south":{"uv":[4.3579764,1.0699844,4.773022,1.1197512],"tintindex":0,"rotation":0,"texture":"#0"},"north":{"uv":[4.3579764,1.1695179,4.773022,1.2192847],"tintindex":0,"rotation":0,"texture":"#0"},"west":{"uv":[4.6070037,0.5225506,4.897536,0.57231724],"tintindex":0,"rotation":0,"texture":"#0"},"up":{"uv":[1.4526589,1.1944013,1.0376135,1.0202178],"tintindex":0,"rotation":180,"texture":"#0"},"down":{"uv":[1.9507134,1.0202178,1.535668,1.1944013],"tintindex":0,"rotation":180,"texture":"#0"}}},{"from":[9.23863,1.4632587,3.5668297],"to":[12.106871,3.6030598,4.34025],"faces":{"east":{"uv":[4.4409857,3.0108864,4.461738,3.0606532],"tintindex":0,"rotation":0,"texture":"#0"},"south":{"uv":[4.6070037,2.96112,4.7107654,3.0108864],"tintindex":0,"rotation":0,"texture":"#0"},"north":{"uv":[4.856031,2.96112,4.9597926,3.0108864],"tintindex":0,"rotation":0,"texture":"#0"},"west":{"uv":[4.2749677,3.0108864,4.2957196,3.0606532],"tintindex":0,"rotation":0,"texture":"#0"},"up":{"uv":[4.1297016,3.0233283,4.0259404,3.0108864],"tintindex":0,"rotation":180,"texture":"#0"},"down":{"uv":[5.1258106,2.4136858,5.0220494,2.4261277],"tintindex":0,"rotation":180,"texture":"#0"}},"rotation":{"origin":[7.19144,2.1436005,8.16111],"angle":45.0,"axis":"z"}},{"from":[11.10895,3.0415688,2.3245802],"to":[14.68229,6.6148605,4.48986],"faces":{"east":{"uv":[0.7055772,1.9160187,0.78858626,1.9906688],"tintindex":0,"rotation":0,"texture":"#0"},"south":{"uv":[0.29053178,2.911353,0.41504538,2.9860032],"tintindex":0,"rotation":0,"texture":"#0"},"north":{"uv":[0.78858626,2.911353,0.9130999,2.9860032],"tintindex":0,"rotation":0,"texture":"#0"},"west":{"uv":[1.535668,1.8164853,1.618677,1.8911353],"tintindex":0,"rotation":0,"texture":"#0"},"up":{"uv":[1.1621271,3.0108864,1.0376135,2.96112],"tintindex":0,"rotation":180,"texture":"#0"},"down":{"uv":[1.6601815,2.96112,1.535668,3.0108864],"tintindex":0,"rotation":180,"texture":"#0"}},"rotation":{"origin":[7.19144,2.1436005,8.16111],"angle":45.0,"axis":"z"}},{"from":[6.37433,11.637339,3.67845],"to":[7.51573,13.66246,4.24349],"faces":{"east":{"uv":[3.3618677,6.606532,3.3826199,6.6562986],"tintindex":0,"rotation":0,"texture":"#0"},"south":{"uv":[3.1958497,7.303266,3.237354,7.3530326],"tintindex":0,"rotation":0,"texture":"#0"},"north":{"uv":[1.2866408,8.2986,1.3281453,8.348367],"tintindex":0,"rotation":0,"texture":"#0"},"west":{"uv":[0.539559,8.398134,0.56031126,8.447901],"tintindex":0,"rotation":0,"texture":"#0"},"up":{"uv":[3.4863813,6.7185073,3.4448767,6.7060657],"tintindex":0,"rotation":0,"texture":"#0"},"down":{"uv":[3.4863813,6.8055987,3.4448767,6.8180404],"tintindex":0,"rotation":0,"texture":"#0"}},"rotation":{"origin":[6.9450197,12.64991,3.96096],"angle":-22.5,"axis":"z"}},{"from":[10.57525,2.5078697,2.83844],"to":[15.21594,7.1485596,4.7044697],"faces":{"east":{"uv":[0.8715953,1.3685848,0.93385214,1.4681182],"tintindex":0,"rotation":0,"texture":"#0"},"south":{"uv":[2.448768,1.1695179,2.614786,1.2690513],"tintindex":0,"rotation":0,"texture":"#0"},"north":{"uv":[2.614786,0.7713841,2.7808042,0.87091756],"tintindex":0,"rotation":0,"texture":"#0"},"west":{"uv":[1.0376135,0.87091756,1.0998703,0.970451],"tintindex":0,"rotation":0,"texture":"#0"},"up":{"uv":[3.3618677,0.95800936,3.1958497,0.92068434],"tintindex":0,"rotation":180,"texture":"#0"},"down":{"uv":[3.693904,0.8211509,3.527886,0.8584759],"tintindex":0,"rotation":180,"texture":"#0"}},"rotation":{"origin":[7.19144,2.1436005,8.16111],"angle":45.0,"axis":"z"}},{"from":[10.708,13.437408,3.81644],"to":[11.569099,15.182201,4.24349],"faces":{"east":{"uv":[3.3618677,7.452566,3.3826199,7.489891],"tintindex":0,"rotation":0,"texture":"#0"},"south":{"uv":[3.1958497,8.248834,3.237354,8.286159],"tintindex":0,"rotation":0,"texture":"#0"},"north":{"uv":[3.1958497,8.149301,3.237354,8.1866255],"tintindex":0,"rotation":0,"texture":"#0"},"west":{"uv":[1.8677043,8.398134,1.8884566,8.435459],"tintindex":0,"rotation":0,"texture":"#0"},"up":{"uv":[3.4863813,6.917574,3.4448767,6.9051323],"tintindex":0,"rotation":0,"texture":"#0"},"down":{"uv":[3.4863813,7.004666,3.4448767,7.0171075],"tintindex":0,"rotation":0,"texture":"#0"}}},{"from":[3.57444,18.03687,4.67717],"to":[12.008591,20.061401,11.6909],"faces":{"east":{"uv":[4.856031,0.02488336,5.063554,0.07465008],"tintindex":0,"rotation":0,"texture":"#0"},"south":{"uv":[4.523995,0.970451,4.8145266,1.0202178],"tintindex":0,"rotation":0,"texture":"#0"},"north":{"uv":[2.0337224,2.7122862,2.3242543,2.762053],"tintindex":0,"rotation":0,"texture":"#0"},"west":{"uv":[3.1128404,1.517885,3.320363,1.5676516],"tintindex":0,"rotation":0,"texture":"#0"},"up":{"uv":[3.320363,1.7418351,3.0298314,1.6174184],"tintindex":0,"rotation":180,"texture":"#0"},"down":{"uv":[3.237354,1.8164853,2.9468224,1.940902],"tintindex":0,"rotation":180,"texture":"#0"}}},{"from":[9.52298,12.59403,3.67845],"to":[11.54809,14.310329,4.24349],"faces":{"east":{"uv":[1.535668,8.398134,1.5564202,8.435459],"tintindex":0,"rotation":0,"texture":"#0"},"south":{"uv":[3.1128404,7.0544324,3.1958497,7.0917573],"tintindex":0,"rotation":0,"texture":"#0"},"north":{"uv":[3.1128404,6.954899,3.1958497,6.992224],"tintindex":0,"rotation":0,"texture":"#0"},"west":{"uv":[3.3618677,7.3530326,3.3826199,7.390358],"tintindex":0,"rotation":0,"texture":"#0"},"up":{"uv":[0.78858626,8.410576,0.7055772,8.398134],"tintindex":0,"rotation":0,"texture":"#0"},"down":{"uv":[0.9546044,8.398134,0.8715953,8.410576],"tintindex":0,"rotation":0,"texture":"#0"}},"rotation":{"origin":[10.4729805,13.520878,3.8919802],"angle":-22.5,"axis":"z"}},{"from":[1.8944302,8.98568,4.16664],"to":[13.6885605,18.41402,12.48171],"faces":{"east":{"uv":[1.0376135,1.2690513,1.3488976,1.48056],"tintindex":0,"rotation":0,"texture":"#0"},"south":{"uv":[0.6225681,0.02488336,1.0583657,0.23639192],"tintindex":0,"rotation":0,"texture":"#0"},"north":{"uv":[0.6225681,0.32348368,1.0583657,0.5349922],"tintindex":0,"rotation":0,"texture":"#0"},"west":{"uv":[2.0337224,1.0202178,2.3450065,1.2317263],"tintindex":0,"rotation":0,"texture":"#0"},"up":{"uv":[1.6394293,0.70917577,1.2036316,0.5225506],"tintindex":0,"rotation":180,"texture":"#0"},"down":{"uv":[1.6394293,0.7713841,1.2036316,0.95800936],"tintindex":0,"rotation":180,"texture":"#0"}}},{"from":[8.71982,12.02729,3.5404997],"to":[10.78938,14.096859,4.24349],"faces":{"east":{"uv":[1.0376135,8.398134,1.0583657,8.447901],"tintindex":0,"rotation":0,"texture":"#0"},"south":{"uv":[0.6225681,8.199067,0.7055772,8.248834],"tintindex":0,"rotation":0,"texture":"#0"},"north":{"uv":[3.0298314,6.7060657,3.1128404,6.755832],"tintindex":0,"rotation":0,"texture":"#0"},"west":{"uv":[1.2036316,8.398134,1.224384,8.447901],"tintindex":0,"rotation":0,"texture":"#0"},"up":{"uv":[1.4526589,8.410576,1.3696498,8.398134],"tintindex":0,"rotation":0,"texture":"#0"},"down":{"uv":[3.4448767,7.2534995,3.3618677,7.265941],"tintindex":0,"rotation":0,"texture":"#0"}},"rotation":{"origin":[10.4729805,13.520878,3.8919802],"angle":22.5,"axis":"z"}},{"from":[7.73467,5.0265503,3.3819199],