{"textures":{"0":"modelengine:entity/ventus","particle":"#0"},"elements":[{"from":[4.7632,3.8402214,5.54408],"to":[9.04086,9.4683,9.997089],"faces":{"east":{"uv":[2.386511,2.265178,2.1997406,2.4020364],"tintindex":0,"rotation":0,"texture":"#0"},"south":{"uv":[3.9636836,1.2192847,3.7769132,1.3561431],"tintindex":0,"rotation":0,"texture":"#0"},"north":{"uv":[3.965005,1.4183515,3.7782345,1.55521],"tintindex":0,"rotation":0,"texture":"#0"},"west":{"uv":[2.7185473,2.2635975,2.531777,2.400456],"tintindex":0,"rotation":0,"texture":"#0"},"up":{"uv":[3.2166018,2.674961,3.0298314,2.5629861],"tintindex":0,"rotation":180,"texture":"#0"},"down":{"uv":[4.461738,1.8164853,4.2749677,1.9284604],"tintindex":0,"rotation":180,"texture":"#0"}},"rotation":{"origin":[6.04152,5.2442207,6.65514],"angle":-22.5,"axis":"z"}}],"display":{"head":{"rotation":[0.0,0.0,0.0]},"firstperson_righthand":{"rotation":[0.0,0.0,0.0]},"thirdperson_lefthand":{"rotation":[0.0,-0.0,-0.0]},"firstperson_lefthand":{"rotation":[0.0,-0.0,-0.0]},"fixed":{"rotation":[0.0,0.0,0.0]},"ground":{"rotation":[0.0,0.0,0.0]},"thirdperson_righthand":{"rotation":[0.0,0.0,0.0]},"gui":{"rotation":[-150.0,-45.0,180.0]}}}