{"textures":{"0":"modelengine:entity/ventus","particle":"#0"},"elements":[{"from":[6.13862,7.1408095,5.1769],"to":[11.3069,8.58111,11.20982],"faces":{"east":{"uv":[4.856031,1.6174184,5.0843062,1.6547434],"tintindex":0,"rotation":0,"texture":"#0"},"south":{"uv":[3.9429312,2.911353,4.1297016,2.948678],"tintindex":0,"rotation":0,"texture":"#0"},"north":{"uv":[4.2749677,2.911353,4.461738,2.948678],"tintindex":0,"rotation":0,"texture":"#0"},"west":{"uv":[2.6977952,2.911353,2.92607,2.948678],"tintindex":0,"rotation":0,"texture":"#0"},"up":{"uv":[4.1297016,1.9533437,3.9429312,1.8164853],"tintindex":0,"rotation":180,"texture":"#0"},"down":{"uv":[3.3826199,2.3639193,3.1958497,2.5007777],"tintindex":0,"rotation":180,"texture":"#0"}}},{"from":[6.37354,-0.21326065,5.4744396],"to":[11.07193,7.72181,10.63196],"faces":{"east":{"uv":[0.37354085,1.9160187,0.58106357,2.0902023],"tintindex":0,"rotation":0,"texture":"#0"},"south":{"uv":[2.3657587,2.015552,2.552529,2.1897357],"tintindex":0,"rotation":0,"texture":"#0"},"north":{"uv":[2.6977952,2.015552,2.8845656,2.1897357],"tintindex":0,"rotation":0,"texture":"#0"},"west":{"uv":[3.1128404,1.2690513,3.320363,1.4432349],"tintindex":0,"rotation":0,"texture":"#0"},"up":{"uv":[4.2957196,2.1399689,4.108949,2.015552],"tintindex":0,"rotation":180,"texture":"#0"},"down":{"uv":[4.2957196,2.214619,4.108949,2.3390357],"tintindex":0,"rotation":180,"texture":"#0"}}},{"from":[6.79182,-0.07531071,2.46099],"to":[10.64624,1.8168797,6.03504],"faces":{"east":{"uv":[0.29053178,8.049767,0.41504538,8.087091],"tintindex":0,"rotation":0,"texture":"#0"},"south":{"uv":[2.448768,7.452566,2.5940337,7.489891],"tintindex":0,"rotation":0,"texture":"#0"},"north":{"uv":[1.1206225,6.9051323,1.2658885,6.942457],"tintindex":0,"rotation":0,"texture":"#0"},"west":{"uv":[2.7808042,6.6562986,2.9053178,6.6936235],"tintindex":0,"rotation":0,"texture":"#0"},"up":{"uv":[0.18677042,7.875583,0.04150454,7.8009334],"tintindex":0,"rotation":0,"texture":"#0"},"down":{"uv":[2.5110247,7.7014,2.3657587,7.77605],"tintindex":0,"rotation":0,"texture":"#0"}}},{"from":[7.03831,9.872419,0.64864016],"to":[10.15467,11.825649,1.5517502],"faces":{"east":{"uv":[3.8599222,3.0108864,3.9014268,3.0606532],"tintindex":0,"rotation":0,"texture":"#0"},"south":{"uv":[3.0298314,2.96112,3.154345,3.0108864],"tintindex":0,"rotation":0,"texture":"#0"},"north":{"uv":[3.2788587,2.96112,3.4033723,3.0108864],"tintindex":0,"rotation":0,"texture":"#0"},"west":{"uv":[3.693904,3.0108864,3.7354085,3.0606532],"tintindex":0,"rotation":0,"texture":"#0"},"up":{"uv":[5.146563,0.89580095,5.0220494,0.87091756],"tintindex":0,"rotation":180,"texture":"#0"},"down":{"uv":[1.9092088,3.0108864,1.7846951,3.03577],"tintindex":0,"rotation":180,"texture":"#0"}},"rotation":{"origin":[10.70926,21.12225,7.65162],"angle":-22.5,"axis":"x"}},{"from":[7.0721498,0.6806097,2.6870003],"to":[10.36592,2.5727496,6.26109],"faces":{"east":{"uv":[0.04150454,8.099534,0.16601816,8.136859],"tintindex":0,"rotation":0,"texture":"#0"},"south":{"uv":[0.7055772,8.099534,0.83009076,8.136859],"tintindex":0,"rotation":0,"texture":"#0"},"north":{"uv":[1.9507134,8.049767,2.075227,8.087091],"tintindex":0,"rotation":0,"texture":"#0"},"west":{"uv":[2.8638132,7.6516333,2.9883268,7.688958],"tintindex":0,"rotation":0,"texture":"#0"},"up":{"uv":[2.6562905,6.4821153,2.531777,6.407465],"tintindex":0,"rotation":0,"texture":"#0"},"down":{"uv":[0.41504538,7.900467,0.29053178,7.9751167],"tintindex":0,"rotation":0,"texture":"#0"}},"rotation":{"origin":[11.46717,1.6266699,4.47404],"angle":-22.5,"axis":"x"}}],"display":{"head":{"rotation":[0.0,0.0,0.0]},"firstperson_righthand":{"rotation":[0.0,0.0,0.0]},"thirdperson_lefthand":{"rotation":[0.0,-0.0,-0.0]},"firstperson_lefthand":{"rotation":[0.0,-0.0,-0.0]},"fixed":{"rotation":[0.0,0.0,0.0]},"ground":{"rotation":[0.0,0.0,0.0]},"thirdperson_righthand":{"rotation":[0.0,0.0,0.0]},"gui":{"rotation":[-150.0,-45.0,180.0]}}}