{"textures":{"0":"modelengine:entity/ventus","particle":"#0"},"elements":[{"from":[5.58427,0.9130907,5.3409],"to":[10.61095,8.93787,11.2917],"faces":{"east":{"uv":[0.04150454,1.8164853,0.2697795,2.0031104],"tintindex":0,"rotation":0,"texture":"#0"},"south":{"uv":[3.0298314,0.4230171,3.237354,0.6096423],"tintindex":0,"rotation":0,"texture":"#0"},"north":{"uv":[0.8715953,1.8164853,1.079118,2.0031104],"tintindex":0,"rotation":0,"texture":"#0"},"west":{"uv":[1.7016861,1.7667185,1.9299611,1.9533437],"tintindex":0,"rotation":0,"texture":"#0"},"up":{"uv":[3.8184175,1.8538103,3.610895,1.7169518],"tintindex":0,"rotation":180,"texture":"#0"},"down":{"uv":[3.8184175,1.9160187,3.610895,2.0528772],"tintindex":0,"rotation":180,"texture":"#0"}}},{"from":[5.78377,-2.4362698,6.88656],"to":[10.15829,1.7579603,10.60834],"faces":{"east":{"uv":[4.6070037,1.866252,4.7522697,1.9657854],"tintindex":0,"rotation":0,"texture":"#0"},"south":{"uv":[4.4409857,2.2643857,4.6070037,2.3639193],"tintindex":0,"rotation":0,"texture":"#0"},"north":{"uv":[1.2866408,2.7122862,1.4526589,2.8118196],"tintindex":0,"rotation":0,"texture":"#0"},"west":{"uv":[2.9468224,2.762053,3.0920882,2.8615863],"tintindex":0,"rotation":0,"texture":"#0"},"up":{"uv":[3.9429312,2.8491447,3.7769132,2.762053],"tintindex":0,"rotation":180,"texture":"#0"},"down":{"uv":[4.4409857,2.762053,4.2749677,2.8491447],"tintindex":0,"rotation":180,"texture":"#0"}}}],"display":{"head":{"rotation":[0.0,0.0,0.0]},"firstperson_righthand":{"rotation":[0.0,0.0,0.0]},"thirdperson_lefthand":{"rotation":[0.0,-0.0,-0.0]},"firstperson_lefthand":{"rotation":[0.0,-0.0,-0.0]},"fixed":{"rotation":[0.0,0.0,0.0]},"ground":{"rotation":[0.0,0.0,0.0]},"thirdperson_righthand":{"rotation":[0.0,0.0,0.0]},"gui":{"rotation":[-150.0,-45.0,180.0]}}}