{"textures":{"0":"modelengine:entity/ventus","particle":"#0"},"elements":[{"from":[6.5203495,14.058189,5.03695],"to":[7.21551,16.11744,5.71411],"faces":{"east":{"uv":[3.2788587,6.755832,3.2996109,6.8055987],"tintindex":0,"rotation":0,"texture":"#0"},"south":{"uv":[3.2788587,6.8553658,3.2996109,6.9051323],"tintindex":0,"rotation":0,"texture":"#0"},"north":{"uv":[3.2788587,6.407465,3.2996109,6.457232],"tintindex":0,"rotation":0,"texture":"#0"},"west":{"uv":[3.2788587,6.954899,3.2996109,7.004666],"tintindex":0,"rotation":0,"texture":"#0"},"up":{"uv":[3.465629,7.116641,3.4448767,7.1041994],"tintindex":0,"rotation":0,"texture":"#0"},"down":{"uv":[1.7224383,8.447901,1.7016861,8.460342],"tintindex":0,"rotation":0,"texture":"#0"}}},{"from":[0.43410015,7.4597893,3.12894],"to":[2.6416197,9.667309,3.9699101],"faces":{"east":{"uv":[2.8638132,8.248834,2.9053178,8.2986],"tintindex":0,"rotation":0,"texture":"#0"},"south":{"uv":[0.29053178,8.149301,0.37354085,8.199067],"tintindex":0,"rotation":0,"texture":"#0"},"north":{"uv":[2.9468224,6.5069985,3.0298314,6.556765],"tintindex":0,"rotation":0,"texture":"#0"},"west":{"uv":[3.0298314,8.248834,3.071336,8.2986],"tintindex":0,"rotation":0,"texture":"#0"},"up":{"uv":[0.12451362,8.323483,0.04150454,8.2986],"tintindex":0,"rotation":0,"texture":"#0"},"down":{"uv":[3.2788587,6.556765,3.1958497,6.581649],"tintindex":0,"rotation":0,"texture":"#0"}},"rotation":{"origin":[2.9394398,8.563549,3.5494199],"angle":-22.5,"axis":"y"}},{"from":[5.63466,12.63007,5.14872],"to":[6.78928,13.54649,5.60238],"faces":{"east":{"uv":[3.3618677,7.5520997,3.3826199,7.576983],"tintindex":0,"rotation":0,"texture":"#0"},"south":{"uv":[2.1167314,8.348367,2.158236,8.373251],"tintindex":0,"rotation":0,"texture":"#0"},"north":{"uv":[1.7016861,8.348367,1.7431906,8.373251],"tintindex":0,"rotation":0,"texture":"#0"},"west":{"uv":[3.3618677,7.6516333,3.3826199,7.6765165],"tintindex":0,"rotation":0,"texture":"#0"},"up":{"uv":[3.4033723,7.763608,3.3618677,7.7511663],"tintindex":0,"rotation":0,"texture":"#0"},"down":{"uv":[3.4033723,7.8507,3.3618677,7.8631415],"tintindex":0,"rotation":0,"texture":"#0"}},"rotation":{"origin":[6.35211,13.368622,5.3755503],"angle":-22.5,"axis":"z"}},{"from":[0.9102297,7.4597893,12.29162],"to":[3.1177502,9.667309,13.132589],"faces":{"east":{"uv":[0.45654994,8.2986,0.49805447,8.348367],"tintindex":0,"rotation":0,"texture":"#0"},"south":{"uv":[3.0298314,6.506208,2.9468224,6.555975],"tintindex":0,"rotation":0,"texture":"#0"},"north":{"uv":[2.9468224,6.8553658,3.0298314,6.9051323],"tintindex":0,"rotation":0,"texture":"#0"},"west":{"uv":[3.1958497,6.6562986,3.237354,6.7060657],"tintindex":0,"rotation":0,"texture":"#0"},"up":{"uv":[0.7055772,8.323483,0.6225681,8.2986],"tintindex":0,"rotation":0,"texture":"#0"},"down":{"uv":[0.8715953,8.2986,0.78858626,8.323483],"tintindex":0,"rotation":0,"texture":"#0"}},"rotation":{"origin":[3.5026503,9.211262,13.97358],"angle":22.5,"axis":"y"}},{"from":[5.1363297,15.380451,4.7084],"to":[7.00729,17.12738,6.0427103],"faces":{"east":{"uv":[3.1958497,7.4027996,3.237354,7.4401245],"tintindex":0,"rotation":0,"texture":"#0"},"south":{"uv":[2.6977952,8.248834,2.760052,8.286159],"tintindex":0,"rotation":0,"texture":"#0"},"north":{"uv":[3.1128404,7.9502335,3.1750972,7.9875584],"tintindex":0,"rotation":0,"texture":"#0"},"west":{"uv":[3.1958497,7.502333,3.237354,7.539658],"tintindex":0,"rotation":0,"texture":"#0"},"up":{"uv":[2.0129702,8.323483,1.9507134,8.2986],"tintindex":0,"rotation":0,"texture":"#0"},"down":{"uv":[3.2581065,8.049767,3.1958497,8.07465],"tintindex":0,"rotation":0,"texture":"#0"}},"rotation":{"origin":[6.0718403,16.253922,5.3755503],"angle":45.0,"axis":"z"}},{"from":[5.63466,12.63007,10.47481],"to":[6.78928,13.54649,10.92846],"faces":{"east":{"uv":[3.3618677,8.049767,3.3826199,8.07465],"tintindex":0,"rotation":0,"texture":"#0"},"south":{"uv":[2.448768,8.348367,2.4902723,8.373251],"tintindex":0,"rotation":0,"texture":"#0"},"north":{"uv":[2.2827497,8.348367,2.3242543,8.373251],"tintindex":0,"rotation":0,"texture":"#0"},"west":{"uv":[3.3618677,8.149301,3.3826199,8.174184],"tintindex":0,"rotation":0,"texture":"#0"},"up":{"uv":[3.4033723,8.261275,3.3618677,8.248834],"tintindex":0,"rotation":0,"texture":"#0"},"down":{"uv":[3.4863813,6.407465,3.4448767,6.4199066],"tintindex":0,"rotation":0,"texture":"#0"}},"rotation":{"origin":[6.35211,13.368622,10.70162],"angle":-22.5,"axis":"z"}},{"from":[3.4513502,4.7708397,4.80549],"to":[8.51241,11.479221,11.64367],"faces":{"east":{"uv":[2.614786,1.8164853,2.8638132,1.9657854],"tintindex":0,"rotation":0,"texture":"#0"},"south":{"uv":[3.693904,0.4230171,3.8806744,0.57231724],"tintindex":0,"rotation":0,"texture":"#0"},"north":{"uv":[1.2036316,2.2643857,1.3904021,2.4136858],"tintindex":0,"rotation":0,"texture":"#0"},"west":{"uv":[1.2036316,1.8164853,1.4526589,1.9657854],"tintindex":0,"rotation":0,"texture":"#0"},"up":{"uv":[3.9636836,0.970451,3.7769132,0.8211509],"tintindex":0,"rotation":180,"texture":"#0"},"down":{"uv":[1.7224383,2.2643857,1.535668,2.4136858],"tintindex":0,"rotation":180,"texture":"#0"}},"rotation":{"origin":[2.6643896,3.3377209,6.97129],"angle":22.5,"axis":"z"}},{"from":[0.5016899,6.0472107,3.43146],"to":[8.08702,7.4597893,13.38193],"faces":{"east":{"uv":[4.6070037,2.6625195,4.9805446,2.6998446],"tintindex":0,"rotation":0,"texture":"#0"},"south":{"uv":[4.773022,1.2690513,5.063554,1.3063763],"tintindex":0,"rotation":0,"texture":"#0"},"north":{"uv":[3.1958497,2.8615863,3.4863813,2.8989115],"tintindex":0,"rotation":0,"texture":"#0"},"west":{"uv":[4.6070037,2.5629861,4.9805446,2.600311],"tintindex":0,"rotation":0,"texture":"#0"},"up":{"uv":[1.7431906,1.4930016,1.4526589,1.2690513],"tintindex":0,"rotation":180,"texture":"#0"},"down":{"uv":[2.4902723,0.02488336,2.1997406,0.2488336],"tintindex":0,"rotation":180,"texture":"#0"}}},{"from":[6.5203495,14.058189,10.36307],"to":[7.21551,16.11744,11.0402],"faces":{"east":{"uv":[2.9468224,8.348367,2.9675746,8.398134],"tintindex":0,"rotation":0,"texture":"#0"},"south":{"uv":[3.1128404,8.348367,3.1335928,8.398134],"tintindex":0,"rotation":0,"texture":"#0"},"north":{"uv":[2.7808042,8.348367,2.8015563,8.398134],"tintindex":0,"rotation":0,"texture":"#0"},"west":{"uv":[3.2788587,8.348367,3.2996109,8.398134],"tintindex":0,"rotation":0,"texture":"#0"},"up":{"uv":[2.0544746,8.460342,2.0337224,8.447901],"tintindex":0,"rotation":0,"texture":"#0"},"down":{"uv":[2.2204928,8.447901,2.1997406,8.460342],"tintindex":0,"rotation":0,"texture":"#0"}}},{"from":[4.95018,15.206638,10.03446],"to":[7.47375,17.581509,11.3688],"faces":{"east":{"uv":[0.9546044,8.2986,0.99610895,8.348367],"tintindex":0,"rotation":0,"texture":"#0"},"south":{"uv":[2.3657587,8.0,2.46952,8.049767],"tintindex":0,"rotation":0,"texture":"#0"},"north":{"uv":[2.6977952,7.5520997,2.8015563,7.6018662],"tintindex":0,"rotation":0,"texture":"#0"},"west":{"uv":[1.1206225,8.2986,1.1621271,8.348367],"tintindex":0,"rotation":0,"texture":"#0"},"up":{"uv":[3.2166018,7.77605,3.1128404,7.7511663],"tintindex":0,"rotation":0,"texture":"#0"},"down":{"uv":[3.2166018,7.8507,3.1128404,7.875583],"tintindex":0,"rotation":0,"texture":"#0"}},"rotation":{"origin":[6.0718403,16.253922,10.70162],"angle":45.0,"axis":"z"}},{"from":[6.95913,5.923931,2.71421],"to":[9.28588,14.810162,13.73498],"faces":{"east":{"uv":[1.2036316,0.27371696,1.618677,0.47278383],"tintindex":0,"rotation":0,"texture":"#0"},"south":{"uv":[4.523995,0.17418352,4.6070037,0.3732504],"tintindex":0,"rotation":0,"texture":"#0"},"north":{"uv":[1.1206225,2.7122862,1.2036316,2.911353],"tintindex":0,"rotation":0,"texture":"#0"},"west":{"uv":[1.2036316,0.02488336,1.618677,0.22395024],"tintindex":0,"rotation":0,"texture":"#0"},"up":{"uv":[3.4448767,2.8118196,3.3618677,2.5629861],"tintindex":0,"rotation":180,"texture":"#0"},"down":{"uv":[4.4409857,0.7713841,4.3579764,1.0202178],"tintindex":0,"rotation":180,"texture":"#0"}}},{"from":[1.8870401,7.4597893,2.5904999],"to":[7.24605,11.9778595,3.43146],