{"textures":{"0":"modelengine:entity/ventus","particle":"#0"},"elements":[{"from":[2.1521602,7.8740597,5.8801603],"to":[13.8879795,9.390339,15.16283],"faces":{"east":{"uv":[1.7846951,2.8118196,2.1167314,2.8491447],"tintindex":0,"rotation":0,"texture":"#0"},"south":{"uv":[4.523995,0.4230171,4.9597926,0.46034217],"tintindex":0,"rotation":0,"texture":"#0"},"north":{"uv":[4.523995,0.7713841,4.9597926,0.8087092],"tintindex":0,"rotation":0,"texture":"#0"},"west":{"uv":[4.690013,0.32348368,5.0220494,0.36080873],"tintindex":0,"rotation":0,"texture":"#0"},"up":{"uv":[0.4773022,0.8211509,0.04150454,0.622084],"tintindex":0,"rotation":180,"texture":"#0"},"down":{"uv":[1.0583657,0.622084,0.6225681,0.8211509],"tintindex":0,"rotation":180,"texture":"#0"}}},{"from":[2.5868402,6.661709,6.55084],"to":[13.45329,8.10363,14.21188],"faces":{"east":{"uv":[4.690013,2.3141525,4.9805446,2.3514774],"tintindex":0,"rotation":0,"texture":"#0"},"south":{"uv":[4.523995,0.87091756,4.93904,0.90824264],"tintindex":0,"rotation":0,"texture":"#0"},"north":{"uv":[1.535668,2.7122862,1.9507134,2.7496111],"tintindex":0,"rotation":0,"texture":"#0"},"west":{"uv":[4.690013,2.214619,4.9805446,2.251944],"tintindex":0,"rotation":0,"texture":"#0"},"up":{"uv":[0.45654994,1.0451012,0.04150454,0.87091756],"tintindex":0,"rotation":180,"texture":"#0"},"down":{"uv":[0.9546044,0.87091756,0.539559,1.0451012],"tintindex":0,"rotation":180,"texture":"#0"}}},{"from":[8.11534,6.63085,6.3210497],"to":[10.98357,9.499081,14.2624],"faces":{"east":{"uv":[4.4409857,1.4183515,4.7315173,1.48056],"tintindex":0,"rotation":0,"texture":"#0"},"south":{"uv":[4.93904,0.1244168,5.0428014,0.1866252],"tintindex":0,"rotation":0,"texture":"#0"},"north":{"uv":[0.539559,2.96112,0.6433204,3.0233283],"tintindex":0,"rotation":0,"texture":"#0"},"west":{"uv":[4.4409857,0.02488336,4.7315173,0.08709176],"tintindex":0,"rotation":0,"texture":"#0"},"up":{"uv":[0.39429313,2.836703,0.29053178,2.6625195],"tintindex":0,"rotation":180,"texture":"#0"},"down":{"uv":[2.552529,2.6625195,2.448768,2.836703],"tintindex":0,"rotation":180,"texture":"#0"}},"rotation":{"origin":[7.42,9.121941,10.21826],"angle":-45.0,"axis":"z"}},{"from":[2.5868402,8.71261,6.55084],"to":[13.45329,10.008659,14.21188],"faces":{"east":{"uv":[4.856031,1.8164853,5.146563,1.8413687],"tintindex":0,"rotation":0,"texture":"#0"},"south":{"uv":[4.773022,2.762053,5.1880674,2.7869363],"tintindex":0,"rotation":0,"texture":"#0"},"north":{"uv":[4.773022,2.8615863,5.1880674,2.8864698],"tintindex":0,"rotation":0,"texture":"#0"},"west":{"uv":[4.856031,1.7169518,5.146563,1.7418351],"tintindex":0,"rotation":0,"texture":"#0"},"up":{"uv":[2.1167314,0.19906688,1.7016861,0.02488336],"tintindex":0,"rotation":180,"texture":"#0"},"down":{"uv":[2.1167314,0.27371696,1.7016861,0.44790047],"tintindex":0,"rotation":180,"texture":"#0"}}}],"display":{"head":{"rotation":[0.0,0.0,0.0]},"firstperson_righthand":{"rotation":[0.0,0.0,0.0]},"thirdperson_lefthand":{"rotation":[0.0,-0.0,-0.0]},"firstperson_lefthand":{"rotation":[0.0,-0.0,-0.0]},"fixed":{"rotation":[0.0,0.0,0.0]},"ground":{"rotation":[0.0,0.0,0.0]},"thirdperson_righthand":{"rotation":[0.0,0.0,0.0]},"gui":{"rotation":[-150.0,-45.0,180.0]}}}