{"textures":{"0":"modelengine:entity/ventus","particle":"#0"},"elements":[{"from":[7.4564905,3.2326584,6.12771],"to":[11.49388,8.54459,10.330561],"faces":{"east":{"uv":[2.531777,2.2643857,2.7185473,2.4012442],"tintindex":0,"rotation":0,"texture":"#0"},"south":{"uv":[3.7769132,1.2192847,3.9636836,1.3561431],"tintindex":0,"rotation":0,"texture":"#0"},"north":{"uv":[3.7769132,1.4183515,3.9636836,1.55521],"tintindex":0,"rotation":0,"texture":"#0"},"west":{"uv":[2.1997406,2.2643857,2.386511,2.4012442],"tintindex":0,"rotation":0,"texture":"#0"},"up":{"uv":[0.9753567,2.674961,0.78858626,2.5629861],"tintindex":0,"rotation":180,"texture":"#0"},"down":{"uv":[4.461738,1.6174184,4.2749677,1.7293935],"tintindex":0,"rotation":180,"texture":"#0"}},"rotation":{"origin":[11.38043,4.0647182,8.20463],"angle":22.5,"axis":"z"}}],"display":{"head":{"rotation":[0.0,0.0,0.0]},"firstperson_righthand":{"rotation":[0.0,0.0,0.0]},"thirdperson_lefthand":{"rotation":[0.0,-0.0,-0.0]},"firstperson_lefthand":{"rotation":[0.0,-0.0,-0.0]},"fixed":{"rotation":[0.0,0.0,0.0]},"ground":{"rotation":[0.0,0.0,0.0]},"thirdperson_righthand":{"rotation":[0.0,0.0,0.0]},"gui":{"rotation":[-150.0,-45.0,180.0]}}}