{"textures":{"0":"modelengine:entity/ventus","particle":"#0"},"elements":[{"from":[5.3600197,7.0497994,5.35173],"to":[10.52829,8.4901,11.384649],"faces":{"east":{"uv":[4.856031,1.517885,5.0843062,1.55521],"tintindex":0,"rotation":0,"texture":"#0"},"south":{"uv":[4.856031,1.9160187,5.0428014,1.9533437],"tintindex":0,"rotation":0,"texture":"#0"},"north":{"uv":[3.610895,2.911353,3.7976654,2.948678],"tintindex":0,"rotation":0,"texture":"#0"},"west":{"uv":[4.856031,1.1695179,5.0843062,1.2068429],"tintindex":0,"rotation":0,"texture":"#0"},"up":{"uv":[1.0583657,2.5007777,0.8715953,2.3639193],"tintindex":0,"rotation":180,"texture":"#0"},"down":{"uv":[4.1297016,1.6174184,3.9429312,1.7542769],"tintindex":0,"rotation":180,"texture":"#0"}}},{"from":[5.5949497,-0.30427074,5.64927],"to":[10.29339,7.6308,10.806789],"faces":{"east":{"uv":[2.0337224,1.866252,2.241245,2.0404356],"tintindex":0,"rotation":0,"texture":"#0"},"south":{"uv":[1.2036316,2.015552,1.3904021,2.1897357],"tintindex":0,"rotation":0,"texture":"#0"},"north":{"uv":[1.535668,2.015552,1.7224383,2.1897357],"tintindex":0,"rotation":0,"texture":"#0"},"west":{"uv":[3.1128404,1.0202178,3.320363,1.1944013],"tintindex":0,"rotation":0,"texture":"#0"},"up":{"uv":[4.2957196,1.5427682,4.108949,1.4183515],"tintindex":0,"rotation":180,"texture":"#0"},"down":{"uv":[2.6355383,2.4634526,2.448768,2.5878694],"tintindex":0,"rotation":180,"texture":"#0"}}},{"from":[6.02067,-0.1663208,2.63582],"to":[9.87511,1.7258697,6.20987],"faces":{"east":{"uv":[1.4526589,8.049767,1.5771725,8.087091],"tintindex":0,"rotation":0,"texture":"#0"},"south":{"uv":[2.614786,7.7014,2.760052,7.7387247],"tintindex":0,"rotation":0,"texture":"#0"},"north":{"uv":[1.2866408,7.9502335,1.4319066,7.9875584],"tintindex":0,"rotation":0,"texture":"#0"},"west":{"uv":[1.7016861,8.049767,1.8261998,8.087091],"tintindex":0,"rotation":0,"texture":"#0"},"up":{"uv":[0.93385214,7.92535,0.78858626,7.8507],"tintindex":0,"rotation":0,"texture":"#0"},"down":{"uv":[2.5940337,6.8553658,2.448768,6.9300156],"tintindex":0,"rotation":0,"texture":"#0"}}},{"from":[6.3010397,0.5895996,2.8618298],"to":[9.5947695,2.4817395,6.43592],"faces":{"east":{"uv":[2.8638132,7.7511663,2.9883268,7.7884917],"tintindex":0,"rotation":0,"texture":"#0"},"south":{"uv":[2.448768,8.099534,2.5732815,8.136859],"tintindex":0,"rotation":0,"texture":"#0"},"north":{"uv":[2.1997406,8.099534,2.3242543,8.136859],"tintindex":0,"rotation":0,"texture":"#0"},"west":{"uv":[2.8638132,7.8507,2.9883268,7.888025],"tintindex":0,"rotation":0,"texture":"#0"},"up":{"uv":[2.6562905,6.6314154,2.531777,6.556765],"tintindex":0,"rotation":0,"texture":"#0"},"down":{"uv":[0.66407263,7.900467,0.539559,7.9751167],"tintindex":0,"rotation":0,"texture":"#0"}},"rotation":{"origin":[5.19982,1.5356598,4.64887],"angle":-22.5,"axis":"x"}},{"from":[6.38599,9.781409,0.8234701],"to":[9.50233,11.734639,1.7265797],"faces":{"east":{"uv":[3.527886,3.0108864,3.5693903,3.0606532],"tintindex":0,"rotation":0,"texture":"#0"},"south":{"uv":[4.93904,0.970451,5.063554,1.0202178],"tintindex":0,"rotation":0,"texture":"#0"},"north":{"uv":[2.1997406,2.96112,2.3242543,3.0108864],"tintindex":0,"rotation":0,"texture":"#0"},"west":{"uv":[2.8638132,3.0108864,2.9053178,3.0606532],"tintindex":0,"rotation":0,"texture":"#0"},"up":{"uv":[5.146563,0.64696735,5.0220494,0.622084],"tintindex":0,"rotation":180,"texture":"#0"},"down":{"uv":[1.4111544,3.0108864,1.2866408,3.03577],"tintindex":0,"rotation":180,"texture":"#0"}},"rotation":{"origin":[4.44191,21.03124,7.82645],"angle":-22.5,"axis":"x"}}],"display":{"head":{"rotation":[0.0,0.0,0.0]},"firstperson_righthand":{"rotation":[0.0,0.0,0.0]},"thirdperson_lefthand":{"rotation":[0.0,-0.0,-0.0]},"firstperson_lefthand":{"rotation":[0.0,-0.0,-0.0]},"fixed":{"rotation":[0.0,0.0,0.0]},"ground":{"rotation":[0.0,0.0,0.0]},"thirdperson_righthand":{"rotation":[0.0,0.0,0.0]},"gui":{"rotation":[-150.0,-45.0,180.0]}}}