{"textures":{"0":"modelengine:entity/ventus","particle":"#0"},"elements":[{"from":[5.53909,1.0482702,5.25367],"to":[10.32141,9.07305,11.20447],"faces":{"east":{"uv":[1.9299611,1.7667185,1.7016861,1.9533437],"tintindex":0,"rotation":0,"texture":"#0"},"south":{"uv":[3.2166018,0.42222884,3.0298314,0.60885406],"tintindex":0,"rotation":0,"texture":"#0"},"north":{"uv":[1.0583657,1.8164853,0.8715953,2.0031104],"tintindex":0,"rotation":0,"texture":"#0"},"west":{"uv":[0.2697795,1.8172774,0.04150454,2.0039027],"tintindex":0,"rotation":0,"texture":"#0"},"up":{"uv":[3.9636836,2.451011,3.7769132,2.3141525],"tintindex":0,"rotation":180,"texture":"#0"},"down":{"uv":[0.72632945,2.3639193,0.539559,2.5007777],"tintindex":0,"rotation":180,"texture":"#0"}}},{"from":[5.99429,-2.3010902,6.2997503],"to":[10.12451,1.8931398,10.60121],"faces":{"east":{"uv":[2.3657587,1.866252,2.531777,1.9657854],"tintindex":0,"rotation":0,"texture":"#0"},"south":{"uv":[0.78858626,2.762053,0.93385214,2.8615863],"tintindex":0,"rotation":0,"texture":"#0"},"north":{"uv":[4.6070037,1.5676516,4.7522697,1.6671851],"tintindex":0,"rotation":0,"texture":"#0"},"west":{"uv":[2.8638132,1.0202178,3.0298314,1.1197512],"tintindex":0,"rotation":0,"texture":"#0"},"up":{"uv":[2.843061,2.8615863,2.6977952,2.762053],"tintindex":0,"rotation":180,"texture":"#0"},"down":{"uv":[4.7522697,1.7169518,4.6070037,1.8164853],"tintindex":0,"rotation":180,"texture":"#0"}}}],"display":{"head":{"rotation":[0.0,0.0,0.0]},"firstperson_righthand":{"rotation":[0.0,0.0,0.0]},"thirdperson_lefthand":{"rotation":[0.0,-0.0,-0.0]},"firstperson_lefthand":{"rotation":[0.0,-0.0,-0.0]},"fixed":{"rotation":[0.0,0.0,0.0]},"ground":{"rotation":[0.0,0.0,0.0]},"thirdperson_righthand":{"rotation":[0.0,0.0,0.0]},"gui":{"rotation":[-150.0,-45.0,180.0]}}}