{"textures":{"0":"modelengine:entity/ventus","particle":"#0"},"elements":[{"from":[7.12326,4.309601,3.5605698],"to":[9.85671,11.403912,12.43144],"faces":{"east":{"uv":[1.2866408,1.5676516,1.618677,1.7293935],"tintindex":0,"rotation":0,"texture":"#0"},"south":{"uv":[4.4409857,2.015552,4.544747,2.177294],"tintindex":0,"rotation":0,"texture":"#0"},"north":{"uv":[4.0259404,2.6625195,4.1297016,2.8242614],"tintindex":0,"rotation":0,"texture":"#0"},"west":{"uv":[2.614786,0.5225506,2.9468224,0.6842924],"tintindex":0,"rotation":0,"texture":"#0"},"up":{"uv":[0.14526589,2.8118196,0.04150454,2.6127527],"tintindex":0,"rotation":180,"texture":"#0"},"down":{"uv":[4.461738,0.5225506,4.3579764,0.72161746],"tintindex":0,"rotation":180,"texture":"#0"}}},{"from":[7.06002,1.9313793,4.9602203],"to":[12.962669,7.896549,11.1698],"faces":{"east":{"uv":[3.7561607,0.22395024,3.527886,0.36080873],"tintindex":0,"rotation":90,"texture":"#0"},"south":{"uv":[3.4448767,0.92068434,3.6731517,1.0575428],"tintindex":0,"rotation":270,"texture":"#0"},"north":{"uv":[3.4448767,1.3188181,3.6731517,1.4556766],"tintindex":0,"rotation":90,"texture":"#0"},"west":{"uv":[3.7561607,0.16174184,3.527886,0.02488336],"tintindex":0,"rotation":90,"texture":"#0"},"up":{"uv":[3.4448767,1.517885,3.6731517,1.6547434],"tintindex":0,"rotation":270,"texture":"#0"},"down":{"uv":[3.4448767,1.1197512,3.6731517,1.2566097],"tintindex":0,"rotation":270,"texture":"#0"}},"rotation":{"origin":[15.283371,2.0158997,7.96686],"angle":-22.5,"axis":"z"}},{"from":[7.5289903,4.5685883,3.9248],"to":[14.62332,6.0605392,12.06723],"faces":{"east":{"uv":[4.690013,2.1150856,5.001297,2.1524105],"tintindex":0,"rotation":0,"texture":"#0"},"south":{"uv":[1.7846951,2.911353,2.0544746,2.948678],"tintindex":0,"rotation":0,"texture":"#0"},"north":{"uv":[4.856031,1.0699844,5.1258106,1.1073095],"tintindex":0,"rotation":0,"texture":"#0"},"west":{"uv":[4.690013,2.015552,5.001297,2.0528772],"tintindex":0,"rotation":0,"texture":"#0"},"up":{"uv":[2.9675746,1.3561431,2.6977952,1.1695179],"tintindex":0,"rotation":180,"texture":"#0"},"down":{"uv":[2.46952,1.6174184,2.1997406,1.8040435],"tintindex":0,"rotation":180,"texture":"#0"}}}],"display":{"head":{"rotation":[0.0,0.0,0.0]},"firstperson_righthand":{"rotation":[0.0,0.0,0.0]},"thirdperson_lefthand":{"rotation":[0.0,-0.0,-0.0]},"firstperson_lefthand":{"rotation":[0.0,-0.0,-0.0]},"fixed":{"rotation":[0.0,0.0,0.0]},"ground":{"rotation":[0.0,0.0,0.0]},"thirdperson_righthand":{"rotation":[0.0,0.0,0.0]},"gui":{"rotation":[-150.0,-45.0,180.0]}}}