{"textures":{"0":"modelengine:entity/call_phoenix","particle":"#0"},"elements":[{"from":[7.5881996,9.381367,3.940215],"to":[8.62677,15.082077,6.360935],"faces":{"east":{"uv":[0.0,14.0,0.25,14.625],"tintindex":0,"rotation":0,"texture":"#0"},"south":{"uv":[0.625,14.0,0.75,14.625],"tintindex":0,"rotation":0,"texture":"#0"},"north":{"uv":[0.25,14.0,0.375,14.625],"tintindex":0,"rotation":0,"texture":"#0"},"west":{"uv":[0.375,14.0,0.625,14.625],"tintindex":0,"rotation":0,"texture":"#0"},"up":{"uv":[0.375,14.0,0.25,13.75],"tintindex":0,"rotation":0,"texture":"#0"},"down":{"uv":[0.5,13.75,0.375,14.0],"tintindex":0,"rotation":0,"texture":"#0"}}},{"from":[8.095952,9.518507,0.9463906],"to":[8.095952,18.009216,12.862111],"faces":{"east":{"uv":[0.0,12.75,1.375,13.75],"tintindex":0,"rotation":0,"texture":"#0"},"west":{"uv":[1.375,12.75,2.75,13.75],"tintindex":0,"rotation":0,"texture":"#0"}}},{"from":[7.5322533,7.1296964,2.2656698],"to":[8.570823,12.830406,4.686391],"faces":{"east":{"uv":[0.75,14.0,1.0,14.625],"tintindex":0,"rotation":0,"texture":"#0"},"south":{"uv":[1.375,14.0,1.5,14.625],"tintindex":0,"rotation":0,"texture":"#0"},"north":{"uv":[1.0,14.0,1.125,14.625],"tintindex":0,"rotation":0,"texture":"#0"},"west":{"uv":[1.125,14.0,1.375,14.625],"tintindex":0,"rotation":0,"texture":"#0"},"up":{"uv":[1.125,14.0,1.0,13.75],"tintindex":0,"rotation":0,"texture":"#0"},"down":{"uv":[1.25,13.75,1.125,14.0],"tintindex":0,"rotation":0,"texture":"#0"}}}],"display":{"head":{"rotation":[12.265136,-0.9635274,0.7068907]},"firstperson_righthand":{"rotation":[12.265136,-0.9635274,0.7068907]},"thirdperson_lefthand":{"rotation":[12.265136,0.9635274,-0.7068907]},"firstperson_lefthand":{"rotation":[12.265136,0.9635274,-0.7068907]},"fixed":{"rotation":[12.265136,-0.9635274,0.7068907]},"ground":{"rotation":[12.265136,-0.9635274,0.7068907]},"thirdperson_righthand":{"rotation":[12.265136,-0.9635274,0.7068907]},"gui":{"rotation":[-166.81718,-42.76389,168.90031]}}}