{"textures":{"0":"modelengine:entity/call_phoenix","particle":"#0"},"elements":[{"from":[7.1992235,1.9553041,-1.0806551],"to":[8.970644,3.5124445,0.3343463],"faces":{"east":{"uv":[5.75,12.375,5.875,12.5],"tintindex":0,"rotation":0,"texture":"#0"},"south":{"uv":[6.125,12.375,6.25,12.5],"tintindex":0,"rotation":0,"texture":"#0"},"north":{"uv":[5.875,12.375,6.0,12.5],"tintindex":0,"rotation":0,"texture":"#0"},"west":{"uv":[6.0,12.375,6.125,12.5],"tintindex":0,"rotation":0,"texture":"#0"},"up":{"uv":[6.0,12.375,5.875,12.25],"tintindex":0,"rotation":0,"texture":"#0"},"down":{"uv":[6.125,12.25,6.0,12.375],"tintindex":0,"rotation":0,"texture":"#0"}}}],"display":{"head":{"rotation":[25.98245,-0.005809669,-0.2981377]},"firstperson_righthand":{"rotation":[25.98245,-0.005809669,-0.2981377]},"thirdperson_lefthand":{"rotation":[25.98245,0.005809669,0.2981377]},"firstperson_lefthand":{"rotation":[25.98245,0.005809669,0.2981377]},"fixed":{"rotation":[25.98245,-0.005809669,-0.2981377]},"ground":{"rotation":[25.98245,-0.005809669,-0.2981377]},"thirdperson_righthand":{"rotation":[25.98245,-0.005809669,-0.2981377]},"gui":{"rotation":[175.42755,-39.462017,156.04576]}}}