{"textures":{"0":"modelengine:entity/call_phoenix","particle":"#0"},"elements":[{"from":[7.1818357,10.8666725,-1.127367],"to":[8.953266,12.333813,9.786922],"faces":{"east":{"uv":[12.75,10.875,14.0,11.0],"tintindex":0,"rotation":0,"texture":"#0"},"south":{"uv":[15.375,10.875,15.5,11.0],"tintindex":0,"rotation":0,"texture":"#0"},"north":{"uv":[14.0,10.875,14.125,11.0],"tintindex":0,"rotation":0,"texture":"#0"},"west":{"uv":[14.125,10.875,15.375,11.0],"tintindex":0,"rotation":0,"texture":"#0"},"up":{"uv":[14.125,10.875,14.0,9.625],"tintindex":0,"rotation":0,"texture":"#0"},"down":{"uv":[14.25,9.625,14.125,10.875],"tintindex":0,"rotation":0,"texture":"#0"}}}],"display":{"head":{"rotation":[-26.517155,0.23299141,-0.18610491]},"firstperson_righthand":{"rotation":[-26.517155,0.23299141,-0.18610491]},"thirdperson_lefthand":{"rotation":[-26.517155,-0.23299141,0.18610491]},"firstperson_lefthand":{"rotation":[-26.517155,-0.23299141,0.18610491]},"fixed":{"rotation":[-26.517155,0.23299141,-0.18610491]},"ground":{"rotation":[-26.517155,0.23299141,-0.18610491]},"thirdperson_righthand":{"rotation":[-26.517155,0.23299141,-0.18610491]},"gui":{"rotation":[-114.66904,-39.463745,-156.04895]}}}