{"textures":{"0":"modelengine:entity/call_phoenix","particle":"#0"},"elements":[{"from":[7.1953797,7.613163,-1.7831392],"to":[8.966809,9.170313,3.6343203],"faces":{"east":{"uv":[6.625,14.25,7.25,14.375],"tintindex":0,"rotation":0,"texture":"#0"},"south":{"uv":[8.0,14.25,8.125,14.375],"tintindex":0,"rotation":0,"texture":"#0"},"north":{"uv":[7.25,14.25,7.375,14.375],"tintindex":0,"rotation":0,"texture":"#0"},"west":{"uv":[7.375,14.25,8.0,14.375],"tintindex":0,"rotation":0,"texture":"#0"},"up":{"uv":[7.375,14.25,7.25,13.625],"tintindex":0,"rotation":0,"texture":"#0"},"down":{"uv":[7.5,13.625,7.375,14.25],"tintindex":0,"rotation":0,"texture":"#0"}}}],"display":{"head":{"rotation":[-9.767171,0.16947134,-0.24535583]},"firstperson_righthand":{"rotation":[-9.767171,0.16947134,-0.24535583]},"thirdperson_lefthand":{"rotation":[-9.767171,-0.16947134,0.24535583]},"firstperson_lefthand":{"rotation":[-9.767171,-0.16947134,0.24535583]},"fixed":{"rotation":[-9.767171,0.16947134,-0.24535583]},"ground":{"rotation":[-9.767171,0.16947134,-0.24535583]},"thirdperson_righthand":{"rotation":[-9.767171,0.16947134,-0.24535583]},"gui":{"rotation":[-136.27827,-44.342495,-170.58943]}}}