{"textures":{"0":"modelengine:entity/call_phoenix","particle":"#0"},"elements":[{"from":[7.2834544,8.107408,3.6635618],"to":[11.112024,11.369909,10.5235615],"faces":{"east":{"uv":[6.75,10.625,7.5,11.0],"tintindex":0,"rotation":0,"texture":"#0"},"south":{"uv":[8.625,10.625,9.0,11.0],"tintindex":0,"rotation":0,"texture":"#0"},"north":{"uv":[7.5,10.625,7.875,11.0],"tintindex":0,"rotation":0,"texture":"#0"},"west":{"uv":[7.875,10.625,8.625,11.0],"tintindex":0,"rotation":0,"texture":"#0"},"up":{"uv":[7.875,10.625,7.5,9.875],"tintindex":0,"rotation":0,"texture":"#0"},"down":{"uv":[8.25,9.875,7.875,10.625],"tintindex":0,"rotation":0,"texture":"#0"}}}],"display":{"head":{"rotation":[-14.263095,14.644901,3.6794991]},"firstperson_righthand":{"rotation":[-14.263095,14.644901,3.6794991]},"thirdperson_lefthand":{"rotation":[-14.263095,-14.644901,-3.6794991]},"firstperson_lefthand":{"rotation":[-14.263095,-14.644901,-3.6794991]},"fixed":{"rotation":[-14.263095,14.644901,3.6794991]},"ground":{"rotation":[-14.263095,14.644901,3.6794991]},"thirdperson_righthand":{"rotation":[-14.263095,14.644901,3.6794991]},"gui":{"rotation":[-123.79233,-57.332947,-157.4904]}}}