{"textures":{"0":"modelengine:entity/call_phoenix","particle":"#0"},"elements":[{"from":[4.559104,7.7135797,3.6387768],"to":[8.387674,11.156081,10.913777],"faces":{"east":{"uv":[8.5,13.75,9.375,14.125],"tintindex":0,"rotation":0,"texture":"#0"},"south":{"uv":[10.625,13.75,11.0,14.125],"tintindex":0,"rotation":0,"texture":"#0"},"north":{"uv":[9.375,13.75,9.75,14.125],"tintindex":0,"rotation":0,"texture":"#0"},"west":{"uv":[9.75,13.75,10.625,14.125],"tintindex":0,"rotation":0,"texture":"#0"},"up":{"uv":[9.75,13.75,9.375,12.875],"tintindex":0,"rotation":0,"texture":"#0"},"down":{"uv":[10.125,12.875,9.75,13.75],"tintindex":0,"rotation":0,"texture":"#0"}}}],"display":{"head":{"rotation":[-14.803225,-17.154629,-3.0640898]},"firstperson_righthand":{"rotation":[-14.803225,-17.154629,-3.0640898]},"thirdperson_lefthand":{"rotation":[-14.803225,17.154629,3.0640898]},"firstperson_lefthand":{"rotation":[-14.803225,17.154629,3.0640898]},"fixed":{"rotation":[-14.803225,-17.154629,-3.0640898]},"ground":{"rotation":[-14.803225,-17.154629,-3.0640898]},"thirdperson_righthand":{"rotation":[-14.803225,-17.154629,-3.0640898]},"gui":{"rotation":[-134.18321,-26.401684,-171.42747]}}}