{"textures":{"0":"modelengine:entity/call_phoenix","particle":"#0"},"elements":[{"from":[6.060522,8.324791,8.128001],"to":[9.889092,12.839081,11.340852],"faces":{"east":{"uv":[3.75,13.75,4.125,14.25],"tintindex":0,"rotation":0,"texture":"#0"},"south":{"uv":[4.875,13.75,5.25,14.25],"tintindex":0,"rotation":0,"texture":"#0"},"north":{"uv":[4.125,13.75,4.5,14.25],"tintindex":0,"rotation":0,"texture":"#0"},"west":{"uv":[4.5,13.75,4.875,14.25],"tintindex":0,"rotation":0,"texture":"#0"},"up":{"uv":[4.5,13.75,4.125,13.375],"tintindex":0,"rotation":0,"texture":"#0"},"down":{"uv":[4.875,13.375,4.5,13.75],"tintindex":0,"rotation":0,"texture":"#0"}}}],"display":{"head":{"rotation":[-37.808567,3.640381,1.0264047]},"firstperson_righthand":{"rotation":[-37.808567,3.640381,1.0264047]},"thirdperson_lefthand":{"rotation":[-37.808567,-3.640381,-1.0264047]},"firstperson_lefthand":{"rotation":[-37.808567,-3.640381,-1.0264047]},"fixed":{"rotation":[-37.808567,3.640381,1.0264047]},"ground":{"rotation":[-37.808567,3.640381,1.0264047]},"thirdperson_righthand":{"rotation":[-37.808567,3.640381,1.0264047]},"gui":{"rotation":[-99.96061,-37.044052,-146.0798]}}}