{"textures":{"0":"modelengine:entity/call_phoenix","particle":"#0"},"elements":[{"from":[7.4093046,1.2235136,1.103395],"to":[8.414764,2.2177935,4.218825],"faces":{"up":{"uv":[12.0,7.625,11.875,7.25],"tintindex":0,"rotation":0,"texture":"#0"},"down":{"uv":[12.125,7.25,12.0,7.625],"tintindex":0,"rotation":0,"texture":"#0"}}}],"display":{"head":{"rotation":[-23.123724,17.068478,3.6790526]},"firstperson_righthand":{"rotation":[-23.123724,17.068478,3.6790526]},"thirdperson_lefthand":{"rotation":[-23.123724,-17.068478,-3.6790526]},"firstperson_lefthand":{"rotation":[-23.123724,-17.068478,-3.6790526]},"fixed":{"rotation":[-23.123724,17.068478,3.6790526]},"ground":{"rotation":[-23.123724,17.068478,3.6790526]},"thirdperson_righthand":{"rotation":[-23.123724,17.068478,3.6790526]},"gui":{"rotation":[-107.80532,-56.016705,-146.53166]}}}