{"textures":{"0":"modelengine:entity/call_phoenix","particle":"#0"},"elements":[{"from":[6.927758,1.453835,0.6374736],"to":[8.187188,2.448125,3.7529035],"faces":{"up":{"uv":[12.0,2.75,11.875,2.375],"tintindex":0,"rotation":0,"texture":"#0"},"down":{"uv":[12.125,2.375,12.0,2.75],"tintindex":0,"rotation":0,"texture":"#0"}}}],"display":{"head":{"rotation":[-26.15697,-29.762117,-13.701218]},"firstperson_righthand":{"rotation":[-26.15697,-29.762117,-13.701218]},"thirdperson_lefthand":{"rotation":[-26.15697,29.762117,13.701218]},"firstperson_lefthand":{"rotation":[-26.15697,29.762117,13.701218]},"fixed":{"rotation":[-26.15697,-29.762117,-13.701218]},"ground":{"rotation":[-26.15697,-29.762117,-13.701218]},"thirdperson_righthand":{"rotation":[-26.15697,-29.762117,-13.701218]},"gui":{"rotation":[-127.00992,-11.534862,-175.1507]}}}