{"textures":{"0":"modelengine:entity/call_phoenix","particle":"#0"},"elements":[{"from":[6.7798176,2.0281687,0.59765387],"to":[8.0392475,3.022459,3.7130837],"faces":{"up":{"uv":[11.0,7.625,10.875,7.25],"tintindex":0,"rotation":0,"texture":"#0"},"down":{"uv":[11.125,7.25,11.0,7.625],"tintindex":0,"rotation":0,"texture":"#0"}}}],"display":{"head":{"rotation":[-26.15697,-29.762117,-13.701218]},"firstperson_righthand":{"rotation":[-26.15697,-29.762117,-13.701218]},"thirdperson_lefthand":{"rotation":[-26.15697,29.762117,13.701218]},"firstperson_lefthand":{"rotation":[-26.15697,29.762117,13.701218]},"fixed":{"rotation":[-26.15697,-29.762117,-13.701218]},"ground":{"rotation":[-26.15697,-29.762117,-13.701218]},"thirdperson_righthand":{"rotation":[-26.15697,-29.762117,-13.701218]},"gui":{"rotation":[-127.00992,-11.534862,-175.1507]}}}