{"textures":{"0":"modelengine:entity/call_phoenix","particle":"#0"},"elements":[{"from":[7.226112,1.8103528,1.0405889],"to":[8.485541,2.8046331,4.1560187],"faces":{"up":{"uv":[7.25,11.375,7.125,11.0],"tintindex":0,"rotation":0,"texture":"#0"},"down":{"uv":[7.375,11.0,7.25,11.375],"tintindex":0,"rotation":0,"texture":"#0"}}}],"display":{"head":{"rotation":[-23.123724,17.068478,3.6790526]},"firstperson_righthand":{"rotation":[-23.123724,17.068478,3.6790526]},"thirdperson_lefthand":{"rotation":[-23.123724,-17.068478,-3.6790526]},"firstperson_lefthand":{"rotation":[-23.123724,-17.068478,-3.6790526]},"fixed":{"rotation":[-23.123724,17.068478,3.6790526]},"ground":{"rotation":[-23.123724,17.068478,3.6790526]},"thirdperson_righthand":{"rotation":[-23.123724,17.068478,3.6790526]},"gui":{"rotation":[-107.80532,-56.016705,-146.53166]}}}