{"textures":{"0":"modelengine:entity/call_phoenix","particle":"#0"},"elements":[{"from":[6.9257402,6.339365,7.5259027],"to":[8.7486,7.820795,25.766613],"faces":{"east":{"uv":[4.75,7.625,7.0,7.75],"tintindex":0,"rotation":0,"texture":"#0"},"south":{"uv":[9.375,7.625,9.5,7.75],"tintindex":0,"rotation":0,"texture":"#0"},"north":{"uv":[7.0,7.625,7.125,7.75],"tintindex":0,"rotation":0,"texture":"#0"},"west":{"uv":[7.125,7.625,9.375,7.75],"tintindex":0,"rotation":0,"texture":"#0"},"up":{"uv":[7.125,7.625,7.0,5.375],"tintindex":0,"rotation":0,"texture":"#0"},"down":{"uv":[7.25,5.375,7.125,7.625],"tintindex":0,"rotation":0,"texture":"#0"}}}],"display":{"head":{"rotation":[-0.5633621,-9.760614,2.1855795]},"firstperson_righthand":{"rotation":[-0.5633621,-9.760614,2.1855795]},"thirdperson_lefthand":{"rotation":[-0.5633621,9.760614,-2.1855795]},"firstperson_lefthand":{"rotation":[-0.5633621,9.760614,-2.1855795]},"fixed":{"rotation":[-0.5633621,-9.760614,2.1855795]},"ground":{"rotation":[-0.5633621,-9.760614,2.1855795]},"thirdperson_righthand":{"rotation":[-0.5633621,-9.760614,2.1855795]},"gui":{"rotation":[-149.32024,-35.237022,-177.3267]}}}