{"textures":{"0":"modelengine:entity/call_phoenix","particle":"#0"},"elements":[{"from":[8.556436,7.2021008,9.04881],"to":[10.379296,8.683531,25.480242],"faces":{"east":{"uv":[4.75,9.75,6.75,9.875],"tintindex":0,"rotation":0,"texture":"#0"},"south":{"uv":[8.875,9.75,9.0,9.875],"tintindex":0,"rotation":0,"texture":"#0"},"north":{"uv":[6.75,9.75,6.875,9.875],"tintindex":0,"rotation":0,"texture":"#0"},"west":{"uv":[6.875,9.75,8.875,9.875],"tintindex":0,"rotation":0,"texture":"#0"},"up":{"uv":[6.875,9.75,6.75,7.75],"tintindex":0,"rotation":0,"texture":"#0"},"down":{"uv":[7.0,7.75,6.875,9.75],"tintindex":0,"rotation":0,"texture":"#0"}}}],"display":{"head":{"rotation":[12.127989,-34.62783,4.729745]},"firstperson_righthand":{"rotation":[12.127989,-34.62783,4.729745]},"thirdperson_lefthand":{"rotation":[12.127989,34.62783,-4.729745]},"firstperson_lefthand":{"rotation":[12.127989,34.62783,-4.729745]},"fixed":{"rotation":[12.127989,-34.62783,4.729745]},"ground":{"rotation":[12.127989,-34.62783,4.729745]},"thirdperson_righthand":{"rotation":[12.127989,-34.62783,4.729745]},"gui":{"rotation":[-160.09866,-9.616627,176.06354]}}}