{"textures":{"0":"modelengine:entity/call_phoenix","particle":"#0"},"elements":[{"from":[5.4019585,7.820048,10.828238],"to":[7.2248187,9.301477,24.973948],"faces":{"east":{"uv":[9.0,11.375,10.75,11.5],"tintindex":0,"rotation":0,"texture":"#0"},"south":{"uv":[12.625,11.375,12.75,11.5],"tintindex":0,"rotation":0,"texture":"#0"},"north":{"uv":[10.75,11.375,10.875,11.5],"tintindex":0,"rotation":0,"texture":"#0"},"west":{"uv":[10.875,11.375,12.625,11.5],"tintindex":0,"rotation":0,"texture":"#0"},"up":{"uv":[10.875,11.375,10.75,9.625],"tintindex":0,"rotation":0,"texture":"#0"},"down":{"uv":[11.0,9.625,10.875,11.375],"tintindex":0,"rotation":0,"texture":"#0"}}}],"display":{"head":{"rotation":[11.439182,36.53475,-19.977343]},"firstperson_righthand":{"rotation":[11.439182,36.53475,-19.977343]},"thirdperson_lefthand":{"rotation":[11.439182,-36.53475,19.977343]},"firstperson_lefthand":{"rotation":[11.439182,-36.53475,19.977343]},"fixed":{"rotation":[11.439182,36.53475,-19.977343]},"ground":{"rotation":[11.439182,36.53475,-19.977343]},"thirdperson_righthand":{"rotation":[11.439182,36.53475,-19.977343]},"gui":{"rotation":[160.46278,-77.90987,117.98977]}}}