{"textures":{"0":"modelengine:entity/call_phoenix","particle":"#0"},"elements":[{"from":[6.9914927,5.798156,7.880148],"to":[8.814353,7.2795863,22.025858],"faces":{"east":{"uv":[9.5,7.125,11.25,7.25],"tintindex":0,"rotation":0,"texture":"#0"},"south":{"uv":[13.125,7.125,13.25,7.25],"tintindex":0,"rotation":0,"texture":"#0"},"north":{"uv":[11.25,7.125,11.375,7.25],"tintindex":0,"rotation":0,"texture":"#0"},"west":{"uv":[11.375,7.125,13.125,7.25],"tintindex":0,"rotation":0,"texture":"#0"},"up":{"uv":[11.375,7.125,11.25,5.375],"tintindex":0,"rotation":0,"texture":"#0"},"down":{"uv":[11.5,5.375,11.375,7.125],"tintindex":0,"rotation":0,"texture":"#0"}}}],"display":{"head":{"rotation":[-20.958467,19.956095,0.6934582]},"firstperson_righthand":{"rotation":[-20.958467,19.956095,0.6934582]},"thirdperson_lefthand":{"rotation":[-20.958467,-19.956095,-0.6934582]},"firstperson_lefthand":{"rotation":[-20.958467,-19.956095,-0.6934582]},"fixed":{"rotation":[-20.958467,19.956095,0.6934582]},"ground":{"rotation":[-20.958467,19.956095,0.6934582]},"thirdperson_righthand":{"rotation":[-20.958467,19.956095,0.6934582]},"gui":{"rotation":[-108.44903,-59.54308,-149.37431]}}}