{"textures":{"0":"modelengine:entity/call_phoenix","particle":"#0"},"elements":[{"from":[6.1695666,6.435018,7.3969855],"to":[7.992427,7.916448,27.256985],"faces":{"east":{"uv":[4.75,5.25,7.125,5.375],"tintindex":0,"rotation":0,"texture":"#0"},"south":{"uv":[9.625,5.25,9.75,5.375],"tintindex":0,"rotation":0,"texture":"#0"},"north":{"uv":[7.125,5.25,7.25,5.375],"tintindex":0,"rotation":0,"texture":"#0"},"west":{"uv":[7.25,5.25,9.625,5.375],"tintindex":0,"rotation":0,"texture":"#0"},"up":{"uv":[7.25,5.25,7.125,2.875],"tintindex":0,"rotation":0,"texture":"#0"},"down":{"uv":[7.375,2.875,7.25,5.25],"tintindex":0,"rotation":0,"texture":"#0"}}}],"display":{"head":{"rotation":[-4.4999967,9.749998,-8.321593E-7]},"firstperson_righthand":{"rotation":[-4.4999967,9.749998,-8.321593E-7]},"thirdperson_lefthand":{"rotation":[-4.4999967,-9.749998,8.321593E-7]},"firstperson_lefthand":{"rotation":[-4.4999967,-9.749998,8.321593E-7]},"fixed":{"rotation":[-4.4999967,9.749998,-8.321593E-7]},"ground":{"rotation":[-4.4999967,9.749998,-8.321593E-7]},"thirdperson_righthand":{"rotation":[-4.4999967,9.749998,-8.321593E-7]},"gui":{"rotation":[-142.34079,-54.537285,-174.51273]}}}