{"textures":{"0":"modelengine:entity/stiched_texture","particle":"#0"},"elements":[{"from":[4.0,-4.0,6.0],"to":[12.0,8.0,10.0],"faces":{"east":{"uv":[2.2153847,11.28972,2.7076924,12.186915],"tintindex":0,"rotation":0,"texture":"#0"},"south":{"uv":[4.1846156,11.28972,5.169231,12.186915],"tintindex":0,"rotation":0,"texture":"#0"},"north":{"uv":[2.7076924,11.28972,3.6923077,12.186915],"tintindex":0,"rotation":0,"texture":"#0"},"west":{"uv":[3.6923077,11.28972,4.1846156,12.186915],"tintindex":0,"rotation":0,"texture":"#0"},"up":{"uv":[3.6923077,11.28972,2.7076924,10.990654],"tintindex":0,"rotation":0,"texture":"#0"},"down":{"uv":[4.6769233,10.990654,3.6923077,11.28972],"tintindex":0,"rotation":0,"texture":"#0"}}},{"from":[3.75,-4.25,5.75],"to":[12.25,8.25,10.25],"faces":{"east":{"uv":[2.2153847,12.485981,2.7076924,13.383177],"tintindex":0,"rotation":0,"texture":"#0"},"south":{"uv":[4.1846156,12.485981,5.169231,13.383177],"tintindex":0,"rotation":0,"texture":"#0"},"north":{"uv":[2.7076924,12.485981,3.6923077,13.383177],"tintindex":0,"rotation":0,"texture":"#0"},"west":{"uv":[3.6923077,12.485981,4.1846156,13.383177],"tintindex":0,"rotation":0,"texture":"#0"},"up":{"uv":[3.6923077,12.485981,2.7076924,12.186915],"tintindex":0,"rotation":0,"texture":"#0"},"down":{"uv":[4.6769233,12.186915,3.6923077,12.485981],"tintindex":0,"rotation":0,"texture":"#0"}}}],"display":{"head":{"rotation":[0.0,0.0,0.0]},"firstperson_righthand":{"rotation":[0.0,0.0,0.0]},"thirdperson_lefthand":{"rotation":[0.0,-0.0,-0.0]},"firstperson_lefthand":{"rotation":[0.0,-0.0,-0.0]},"fixed":{"rotation":[0.0,0.0,0.0]},"ground":{"rotation":[0.0,0.0,0.0]},"thirdperson_righthand":{"rotation":[0.0,0.0,0.0]},"gui":{"rotation":[-150.0,-45.0,180.0]}}}