{"textures":{"0":"modelengine:entity/stiched_texture","particle":"#0"},"elements":[{"from":[3.5,7.5,3.5],"to":[12.5,16.5,12.5],"faces":{"east":{"uv":[4.1846156,10.392523,5.169231,10.990654],"tintindex":0,"rotation":0,"texture":"#0"},"south":{"uv":[7.1384616,10.392523,8.123077,10.990654],"tintindex":0,"rotation":0,"texture":"#0"},"north":{"uv":[5.169231,10.392523,6.1538463,10.990654],"tintindex":0,"rotation":0,"texture":"#0"},"west":{"uv":[6.1538463,10.392523,7.1384616,10.990654],"tintindex":0,"rotation":0,"texture":"#0"},"up":{"uv":[6.1538463,10.392523,5.169231,9.794393],"tintindex":0,"rotation":0,"texture":"#0"},"down":{"uv":[7.1384616,9.794393,6.1538463,10.392523],"tintindex":0,"rotation":0,"texture":"#0"}}},{"from":[4.0,8.0,4.0],"to":[12.0,16.0,12.0],"faces":{"east":{"uv":[0.24615385,10.392523,1.2307693,10.990654],"tintindex":0,"rotation":0,"texture":"#0"},"south":{"uv":[3.2,10.392523,4.1846156,10.990654],"tintindex":0,"rotation":0,"texture":"#0"},"north":{"uv":[1.2307693,10.392523,2.2153847,10.990654],"tintindex":0,"rotation":0,"texture":"#0"},"west":{"uv":[2.2153847,10.392523,3.2,10.990654],"tintindex":0,"rotation":0,"texture":"#0"},"up":{"uv":[2.2153847,10.392523,1.2307693,9.794393],"tintindex":0,"rotation":0,"texture":"#0"},"down":{"uv":[3.2,9.794393,2.2153847,10.392523],"tintindex":0,"rotation":0,"texture":"#0"}}}],"display":{"head":{"rotation":[0.0,0.0,0.0]},"firstperson_righthand":{"rotation":[0.0,0.0,0.0]},"thirdperson_lefthand":{"rotation":[0.0,-0.0,-0.0]},"firstperson_lefthand":{"rotation":[0.0,-0.0,-0.0]},"fixed":{"rotation":[0.0,0.0,0.0]},"ground":{"rotation":[0.0,0.0,0.0]},"thirdperson_righthand":{"rotation":[0.0,0.0,0.0]},"gui":{"rotation":[-150.0,-45.0,180.0]}}}