{"textures":{"0":"modelengine:entity/stiched_texture","particle":"#0"},"elements":[{"from":[6.25,-4.25,5.75],"to":[9.75,8.25,10.25],"faces":{"east":{"uv":[6.1538463,13.682242,6.646154,14.579439],"tintindex":0,"rotation":0,"texture":"#0"},"south":{"uv":[7.5076923,13.682242,7.876923,14.579439],"tintindex":0,"rotation":0,"texture":"#0"},"north":{"uv":[6.646154,13.682242,7.0153847,14.579439],"tintindex":0,"rotation":0,"texture":"#0"},"west":{"uv":[7.0153847,13.682242,7.5076923,14.579439],"tintindex":0,"rotation":0,"texture":"#0"},"up":{"uv":[7.0153847,13.682242,6.646154,13.383177],"tintindex":0,"rotation":0,"texture":"#0"},"down":{"uv":[7.3846154,13.383177,7.0153847,13.682242],"tintindex":0,"rotation":0,"texture":"#0"}}},{"from":[6.5,-4.0,6.0],"to":[9.5,8.0,10.0],"faces":{"east":{"uv":[4.1846156,13.682242,4.6769233,14.579439],"tintindex":0,"rotation":0,"texture":"#0"},"south":{"uv":[5.5384617,13.682242,5.9076924,14.579439],"tintindex":0,"rotation":0,"texture":"#0"},"north":{"uv":[4.6769233,13.682242,5.046154,14.579439],"tintindex":0,"rotation":0,"texture":"#0"},"west":{"uv":[5.046154,13.682242,5.5384617,14.579439],"tintindex":0,"rotation":0,"texture":"#0"},"up":{"uv":[5.046154,13.682242,4.6769233,13.383177],"tintindex":0,"rotation":0,"texture":"#0"},"down":{"uv":[5.415385,13.383177,5.046154,13.682242],"tintindex":0,"rotation":0,"texture":"#0"}}}],"display":{"head":{"rotation":[0.0,0.0,0.0]},"firstperson_righthand":{"rotation":[0.0,0.0,0.0]},"thirdperson_lefthand":{"rotation":[0.0,-0.0,-0.0]},"firstperson_lefthand":{"rotation":[0.0,-0.0,-0.0]},"fixed":{"rotation":[0.0,0.0,0.0]},"ground":{"rotation":[0.0,0.0,0.0]},"thirdperson_righthand":{"rotation":[0.0,0.0,0.0]},"gui":{"rotation":[-150.0,-45.0,180.0]}}}