{"textures":{"0":"modelengine:entity/stiched_texture","particle":"#0"},"elements":[{"from":[4.1,-4.0,6.0],"to":[8.1,8.0,10.0],"faces":{"east":{"uv":[2.2153847,13.682242,2.7076924,14.579439],"tintindex":0,"rotation":0,"texture":"#0"},"south":{"uv":[3.6923077,13.682242,4.1846156,14.579439],"tintindex":0,"rotation":0,"texture":"#0"},"north":{"uv":[2.7076924,13.682242,3.2,14.579439],"tintindex":0,"rotation":0,"texture":"#0"},"west":{"uv":[3.2,13.682242,3.6923077,14.579439],"tintindex":0,"rotation":0,"texture":"#0"},"up":{"uv":[3.2,13.682242,2.7076924,13.383177],"tintindex":0,"rotation":0,"texture":"#0"},"down":{"uv":[3.6923077,13.383177,3.2,13.682242],"tintindex":0,"rotation":0,"texture":"#0"}}},{"from":[3.85,-4.25,5.75],"to":[8.35,8.25,10.25],"faces":{"east":{"uv":[0.24615385,13.682242,0.73846155,14.579439],"tintindex":0,"rotation":0,"texture":"#0"},"south":{"uv":[1.7230769,13.682242,2.2153847,14.579439],"tintindex":0,"rotation":0,"texture":"#0"},"north":{"uv":[0.73846155,13.682242,1.2307693,14.579439],"tintindex":0,"rotation":0,"texture":"#0"},"west":{"uv":[1.2307693,13.682242,1.7230769,14.579439],"tintindex":0,"rotation":0,"texture":"#0"},"up":{"uv":[1.2307693,13.682242,0.73846155,13.383177],"tintindex":0,"rotation":0,"texture":"#0"},"down":{"uv":[1.7230769,13.383177,1.2307693,13.682242],"tintindex":0,"rotation":0,"texture":"#0"}}}],"display":{"head":{"rotation":[0.0,0.0,0.0]},"firstperson_righthand":{"rotation":[0.0,0.0,0.0]},"thirdperson_lefthand":{"rotation":[0.0,-0.0,-0.0]},"firstperson_lefthand":{"rotation":[0.0,-0.0,-0.0]},"fixed":{"rotation":[0.0,0.0,0.0]},"ground":{"rotation":[0.0,0.0,0.0]},"thirdperson_righthand":{"rotation":[0.0,0.0,0.0]},"gui":{"rotation":[-150.0,-45.0,180.0]}}}