{"textures":{"0":"modelengine:entity/stiched_texture","particle":"#0"},"elements":[{"from":[6.5,-4.0,6.0],"to":[9.5,8.0,10.0],"faces":{"east":{"uv":[5.169231,11.28972,5.6615386,12.186915],"tintindex":0,"rotation":0,"texture":"#0"},"south":{"uv":[6.523077,11.28972,6.8923078,12.186915],"tintindex":0,"rotation":0,"texture":"#0"},"north":{"uv":[5.6615386,11.28972,6.0307693,12.186915],"tintindex":0,"rotation":0,"texture":"#0"},"west":{"uv":[6.0307693,11.28972,6.523077,12.186915],"tintindex":0,"rotation":0,"texture":"#0"},"up":{"uv":[6.0307693,11.28972,5.6615386,10.990654],"tintindex":0,"rotation":0,"texture":"#0"},"down":{"uv":[6.4,10.990654,6.0307693,11.28972],"tintindex":0,"rotation":0,"texture":"#0"}}},{"from":[6.25,-4.25,5.75],"to":[9.75,8.25,10.25],"faces":{"east":{"uv":[5.169231,12.485981,5.6615386,13.383177],"tintindex":0,"rotation":0,"texture":"#0"},"south":{"uv":[6.523077,12.485981,6.8923078,13.383177],"tintindex":0,"rotation":0,"texture":"#0"},"north":{"uv":[5.6615386,12.485981,6.0307693,13.383177],"tintindex":0,"rotation":0,"texture":"#0"},"west":{"uv":[6.0307693,12.485981,6.523077,13.383177],"tintindex":0,"rotation":0,"texture":"#0"},"up":{"uv":[6.0307693,12.485981,5.6615386,12.186915],"tintindex":0,"rotation":0,"texture":"#0"},"down":{"uv":[6.4,12.186915,6.0307693,12.485981],"tintindex":0,"rotation":0,"texture":"#0"}}}],"display":{"head":{"rotation":[0.0,0.0,0.0]},"firstperson_righthand":{"rotation":[0.0,0.0,0.0]},"thirdperson_lefthand":{"rotation":[0.0,-0.0,-0.0]},"firstperson_lefthand":{"rotation":[0.0,-0.0,-0.0]},"fixed":{"rotation":[0.0,0.0,0.0]},"ground":{"rotation":[0.0,0.0,0.0]},"thirdperson_righthand":{"rotation":[0.0,0.0,0.0]},"gui":{"rotation":[-150.0,-45.0,180.0]}}}