{"textures":{"0":"modelengine:entity/stiched_texture","particle":"#0"},"elements":[{"from":[7.65,-4.25,5.75],"to":[12.15,8.25,10.25],"faces":{"east":{"uv":[0.24615385,12.485981,0.73846155,13.383177],"tintindex":0,"rotation":0,"texture":"#0"},"south":{"uv":[1.7230769,12.485981,2.2153847,13.383177],"tintindex":0,"rotation":0,"texture":"#0"},"north":{"uv":[0.73846155,12.485981,1.2307693,13.383177],"tintindex":0,"rotation":0,"texture":"#0"},"west":{"uv":[1.2307693,12.485981,1.7230769,13.383177],"tintindex":0,"rotation":0,"texture":"#0"},"up":{"uv":[1.2307693,12.485981,0.73846155,12.186915],"tintindex":0,"rotation":0,"texture":"#0"},"down":{"uv":[1.7230769,12.186915,1.2307693,12.485981],"tintindex":0,"rotation":0,"texture":"#0"}}},{"from":[7.9,-4.0,6.0],"to":[11.9,8.0,10.0],"faces":{"east":{"uv":[0.24615385,11.28972,0.73846155,12.186915],"tintindex":0,"rotation":0,"texture":"#0"},"south":{"uv":[1.7230769,11.28972,2.2153847,12.186915],"tintindex":0,"rotation":0,"texture":"#0"},"north":{"uv":[0.73846155,11.28972,1.2307693,12.186915],"tintindex":0,"rotation":0,"texture":"#0"},"west":{"uv":[1.2307693,11.28972,1.7230769,12.186915],"tintindex":0,"rotation":0,"texture":"#0"},"up":{"uv":[1.2307693,11.28972,0.73846155,10.990654],"tintindex":0,"rotation":0,"texture":"#0"},"down":{"uv":[1.7230769,10.990654,1.2307693,11.28972],"tintindex":0,"rotation":0,"texture":"#0"}}}],"display":{"head":{"rotation":[0.0,0.0,0.0]},"firstperson_righthand":{"rotation":[0.0,0.0,0.0]},"thirdperson_lefthand":{"rotation":[0.0,-0.0,-0.0]},"firstperson_lefthand":{"rotation":[0.0,-0.0,-0.0]},"fixed":{"rotation":[0.0,0.0,0.0]},"ground":{"rotation":[0.0,0.0,0.0]},"thirdperson_righthand":{"rotation":[0.0,0.0,0.0]},"gui":{"rotation":[-150.0,-45.0,180.0]}}}