{"textures":{"0":"modelengine:entity/call_phoenix","particle":"#0"},"elements":[{"from":[5.9071655,8.484958,2.253141],"to":[9.735736,12.645666,8.138861],"faces":{"east":{"uv":[13.25,5.25,13.875,5.75],"tintindex":0,"rotation":0,"texture":"#0"},"south":{"uv":[14.875,5.25,15.25,5.75],"tintindex":0,"rotation":0,"texture":"#0"},"north":{"uv":[13.875,5.25,14.25,5.75],"tintindex":0,"rotation":0,"texture":"#0"},"west":{"uv":[14.25,5.25,14.875,5.75],"tintindex":0,"rotation":0,"texture":"#0"},"up":{"uv":[14.25,5.25,13.875,4.625],"tintindex":0,"rotation":0,"texture":"#0"},"down":{"uv":[14.625,4.625,14.25,5.25],"tintindex":0,"rotation":0,"texture":"#0"}}}],"display":{"head":{"rotation":[-21.490263,-1.1938543,0.052389614]},"firstperson_righthand":{"rotation":[-21.490263,-1.1938543,0.052389614]},"thirdperson_lefthand":{"rotation":[-21.490263,1.1938543,-0.052389614]},"firstperson_lefthand":{"rotation":[-21.490263,1.1938543,-0.052389614]},"fixed":{"rotation":[-21.490263,-1.1938543,0.052389614]},"ground":{"rotation":[-21.490263,-1.1938543,0.052389614]},"thirdperson_righthand":{"rotation":[-21.490263,-1.1938543,0.052389614]},"gui":{"rotation":[-121.427345,-40.021355,-160.17651]}}}