{"textures":{"0":"modelengine:entity/call_phoenix","particle":"#0"},"elements":[{"from":[6.6439843,6.8890824,6.417449],"to":[9.329695,10.489081,9.560299],"faces":{"east":{"uv":[11.0,5.0,11.375,5.375],"tintindex":0,"rotation":0,"texture":"#0"},"south":{"uv":[12.0,5.0,12.25,5.375],"tintindex":0,"rotation":0,"texture":"#0"},"north":{"uv":[11.375,5.0,11.625,5.375],"tintindex":0,"rotation":0,"texture":"#0"},"west":{"uv":[11.625,5.0,12.0,5.375],"tintindex":0,"rotation":0,"texture":"#0"},"up":{"uv":[11.625,5.0,11.375,4.625],"tintindex":0,"rotation":0,"texture":"#0"},"down":{"uv":[11.875,4.625,11.625,5.0],"tintindex":0,"rotation":0,"texture":"#0"}}}],"display":{"head":{"rotation":[-5.232377,-1.3581953,-1.5493511]},"firstperson_righthand":{"rotation":[-5.232377,-1.3581953,-1.5493511]},"thirdperson_lefthand":{"rotation":[-5.232377,1.3581953,1.5493511]},"firstperson_lefthand":{"rotation":[-5.232377,1.3581953,1.5493511]},"fixed":{"rotation":[-5.232377,-1.3581953,-1.5493511]},"ground":{"rotation":[-5.232377,-1.3581953,-1.5493511]},"thirdperson_righthand":{"rotation":[-5.232377,-1.3581953,-1.5493511]},"gui":{"rotation":[-142.79051,-43.409035,-176.45679]}}}