{"textures":{"0":"modelengine:entity/call_phoenix","particle":"#0"},"elements":[{"from":[7.6882205,8.616726,6.465613],"to":[10.0032215,15.644587,8.197042],"faces":{"east":{"uv":[13.5,12.0,13.625,12.875],"tintindex":0,"rotation":0,"texture":"#0"},"south":{"uv":[14.0,12.0,14.25,12.875],"tintindex":0,"rotation":0,"texture":"#0"},"north":{"uv":[13.625,12.0,13.875,12.875],"tintindex":0,"rotation":0,"texture":"#0"},"west":{"uv":[13.875,12.0,14.0,12.875],"tintindex":0,"rotation":0,"texture":"#0"},"up":{"uv":[13.875,12.0,13.625,11.875],"tintindex":0,"rotation":0,"texture":"#0"},"down":{"uv":[14.125,11.875,13.875,12.0],"tintindex":0,"rotation":0,"texture":"#0"}}}],"display":{"head":{"rotation":[-141.81949,24.126953,135.98087]},"firstperson_righthand":{"rotation":[-141.81949,24.126953,135.98087]},"thirdperson_lefthand":{"rotation":[-141.81949,-24.126953,-135.98087]},"firstperson_lefthand":{"rotation":[-141.81949,-24.126953,-135.98087]},"fixed":{"rotation":[-141.81949,24.126953,135.98087]},"ground":{"rotation":[-141.81949,24.126953,135.98087]},"thirdperson_righthand":{"rotation":[-141.81949,24.126953,135.98087]},"gui":{"rotation":[-5.315332,12.605685,-17.410872]}}}