{"textures":{"0":"modelengine:entity/call_phoenix","particle":"#0"},"elements":[{"from":[8.300859,11.393209,13.824959],"to":[10.615859,21.86356,15.961379],"faces":{"east":{"uv":[13.25,8.0,13.5,9.25],"tintindex":0,"rotation":0,"texture":"#0"},"south":{"uv":[14.0,8.0,14.25,9.25],"tintindex":0,"rotation":0,"texture":"#0"},"north":{"uv":[13.5,8.0,13.75,9.25],"tintindex":0,"rotation":0,"texture":"#0"},"west":{"uv":[13.75,8.0,14.0,9.25],"tintindex":0,"rotation":0,"texture":"#0"},"up":{"uv":[13.75,8.0,13.5,7.75],"tintindex":0,"rotation":0,"texture":"#0"},"down":{"uv":[14.0,7.75,13.75,8.0],"tintindex":0,"rotation":0,"texture":"#0"}}},{"from":[8.986569,6.1010585,-4.017191],"to":[8.986569,25.977848,15.961379],"faces":{"east":{"uv":[0.125,2.375,2.5,4.75],"tintindex":0,"rotation":0,"texture":"#0"},"west":{"uv":[2.5,2.375,4.875,4.75],"tintindex":0,"rotation":0,"texture":"#0"}}}],"display":{"head":{"rotation":[-133.16309,-9.034561,155.09421]},"firstperson_righthand":{"rotation":[-133.16309,-9.034561,155.09421]},"thirdperson_lefthand":{"rotation":[-133.16309,9.034561,-155.09421]},"firstperson_lefthand":{"rotation":[-133.16309,9.034561,-155.09421]},"fixed":{"rotation":[-133.16309,-9.034561,155.09421]},"ground":{"rotation":[-133.16309,-9.034561,155.09421]},"thirdperson_righthand":{"rotation":[-133.16309,-9.034561,155.09421]},"gui":{"rotation":[-33.023014,36.06848,14.7431345]}}}