{"textures":{"0":"modelengine:entity/call_phoenix","particle":"#0"},"elements":[{"from":[5.861927,8.064555,1.537435],"to":[8.176927,14.479904,3.6738648],"faces":{"east":{"uv":[14.25,2.5,14.0,3.25],"tintindex":0,"rotation":0,"texture":"#0"},"south":{"uv":[14.5,2.5,14.25,3.25],"tintindex":0,"rotation":0,"texture":"#0"},"north":{"uv":[14.0,2.5,13.75,3.25],"tintindex":0,"rotation":0,"texture":"#0"},"west":{"uv":[13.75,2.5,13.5,3.25],"tintindex":0,"rotation":0,"texture":"#0"},"up":{"uv":[13.75,2.5,14.0,2.25],"tintindex":0,"rotation":0,"texture":"#0"},"down":{"uv":[14.0,2.25,14.25,2.5],"tintindex":0,"rotation":0,"texture":"#0"}}}],"display":{"head":{"rotation":[151.67406,-22.477247,-165.78761]},"firstperson_righthand":{"rotation":[151.67406,-22.477247,-165.78761]},"thirdperson_lefthand":{"rotation":[151.67406,22.477247,165.78761]},"firstperson_lefthand":{"rotation":[151.67406,22.477247,165.78761]},"fixed":{"rotation":[151.67406,-22.477247,-165.78761]},"ground":{"rotation":[151.67406,-22.477247,-165.78761]},"thirdperson_righthand":{"rotation":[151.67406,-22.477247,-165.78761]},"gui":{"rotation":[85.19199,57.724728,-24.713606]}}}