{"textures":{"0":"modelengine:entity/call_phoenix","particle":"#0"},"elements":[{"from":[5.10081,7.149313,8.852804],"to":[7.4158106,14.177174,10.584234],"faces":{"east":{"uv":[14.0,12.0,13.875,12.875],"tintindex":0,"rotation":0,"texture":"#0"},"south":{"uv":[14.25,12.0,14.0,12.875],"tintindex":0,"rotation":0,"texture":"#0"},"north":{"uv":[13.875,12.0,13.625,12.875],"tintindex":0,"rotation":0,"texture":"#0"},"west":{"uv":[13.625,12.0,13.5,12.875],"tintindex":0,"rotation":0,"texture":"#0"},"up":{"uv":[13.625,12.0,13.875,11.875],"tintindex":0,"rotation":0,"texture":"#0"},"down":{"uv":[13.875,11.875,14.125,12.0],"tintindex":0,"rotation":0,"texture":"#0"}}}],"display":{"head":{"rotation":[-141.81949,-24.126953,-135.98087]},"firstperson_righthand":{"rotation":[-141.81949,-24.126953,-135.98087]},"thirdperson_lefthand":{"rotation":[-141.81949,24.126953,135.98087]},"firstperson_lefthand":{"rotation":[-141.81949,24.126953,135.98087]},"fixed":{"rotation":[-141.81949,-24.126953,-135.98087]},"ground":{"rotation":[-141.81949,-24.126953,-135.98087]},"thirdperson_righthand":{"rotation":[-141.81949,-24.126953,-135.98087]},"gui":{"rotation":[-38.85087,52.77952,90.28907]}}}