{"textures":{"0":"modelengine:entity/call_phoenix","particle":"#0"},"elements":[{"from":[5.9781046,6.681608,7.7875485],"to":[7.8009644,8.163038,21.933258],"faces":{"east":{"uv":[0.0,11.25,1.75,11.375],"tintindex":0,"rotation":0,"texture":"#0"},"south":{"uv":[3.625,11.25,3.75,11.375],"tintindex":0,"rotation":0,"texture":"#0"},"north":{"uv":[1.75,11.25,1.875,11.375],"tintindex":0,"rotation":0,"texture":"#0"},"west":{"uv":[1.875,11.25,3.625,11.375],"tintindex":0,"rotation":0,"texture":"#0"},"up":{"uv":[1.875,11.25,1.75,9.5],"tintindex":0,"rotation":0,"texture":"#0"},"down":{"uv":[2.0,9.5,1.875,11.25],"tintindex":0,"rotation":0,"texture":"#0"}}}],"display":{"head":{"rotation":[-13.249999,-10.000002,-4.675838E-6]},"firstperson_righthand":{"rotation":[-13.249999,-10.000002,-4.675838E-6]},"thirdperson_lefthand":{"rotation":[-13.249999,10.000002,4.675838E-6]},"firstperson_lefthand":{"rotation":[-13.249999,10.000002,4.675838E-6]},"fixed":{"rotation":[-13.249999,-10.000002,-4.675838E-6]},"ground":{"rotation":[-13.249999,-10.000002,-4.675838E-6]},"thirdperson_righthand":{"rotation":[-13.249999,-10.000002,-4.675838E-6]},"gui":{"rotation":[-134.25519,-33.71338,-168.76488]}}}