{"textures":{"0":"modelengine:entity/call_phoenix","particle":"#0"},"elements":[{"from":[7.131741,6.250088,0.13760328],"to":[7.131741,13.372589,12.511173],"faces":{"east":{"uv":[6.875,11.375,5.375,12.25],"tintindex":0,"rotation":0,"texture":"#0"},"west":{"uv":[5.375,11.375,3.875,12.25],"tintindex":0,"rotation":0,"texture":"#0"}}}],"display":{"head":{"rotation":[-133.16309,9.034563,-137.09421]},"firstperson_righthand":{"rotation":[-133.16309,9.034563,-137.09421]},"thirdperson_lefthand":{"rotation":[-133.16309,-9.034563,137.09421]},"firstperson_lefthand":{"rotation":[-133.16309,-9.034563,137.09421]},"fixed":{"rotation":[-133.16309,9.034563,-137.09421]},"ground":{"rotation":[-133.16309,9.034563,-137.09421]},"thirdperson_righthand":{"rotation":[-133.16309,9.034563,-137.09421]},"gui":{"rotation":[-20.740814,21.51085,76.57412]}}}