{"textures":{"0":"modelengine:entity/call_phoenix","particle":"#0"},"elements":[{"from":[8.686438,8.761791,-1.3832645],"to":[8.686438,15.884291,10.990305],"faces":{"east":{"uv":[3.875,11.375,5.375,12.25],"tintindex":0,"rotation":0,"texture":"#0"},"west":{"uv":[5.375,11.375,6.875,12.25],"tintindex":0,"rotation":0,"texture":"#0"}}}],"display":{"head":{"rotation":[-133.16309,-9.034563,137.09421]},"firstperson_righthand":{"rotation":[-133.16309,-9.034563,137.09421]},"thirdperson_lefthand":{"rotation":[-133.16309,9.034563,-137.09421]},"firstperson_lefthand":{"rotation":[-133.16309,9.034563,-137.09421]},"fixed":{"rotation":[-133.16309,-9.034563,137.09421]},"ground":{"rotation":[-133.16309,-9.034563,137.09421]},"thirdperson_righthand":{"rotation":[-133.16309,-9.034563,137.09421]},"gui":{"rotation":[-33.02302,36.068478,-3.256861]}}}