{"textures":{"0":"modelengine:entity/call_phoenix","particle":"#0"},"elements":[{"from":[8.24573,8.926456,3.039137],"to":[10.56073,15.341806,5.1755667],"faces":{"east":{"uv":[13.5,2.5,13.75,3.25],"tintindex":0,"rotation":0,"texture":"#0"},"south":{"uv":[14.25,2.5,14.5,3.25],"tintindex":0,"rotation":0,"texture":"#0"},"north":{"uv":[13.75,2.5,14.0,3.25],"tintindex":0,"rotation":0,"texture":"#0"},"west":{"uv":[14.0,2.5,14.25,3.25],"tintindex":0,"rotation":0,"texture":"#0"},"up":{"uv":[14.0,2.5,13.75,2.25],"tintindex":0,"rotation":0,"texture":"#0"},"down":{"uv":[14.25,2.25,14.0,2.5],"tintindex":0,"rotation":0,"texture":"#0"}}}],"display":{"head":{"rotation":[151.67406,22.477247,165.78761]},"firstperson_righthand":{"rotation":[151.67406,22.477247,165.78761]},"thirdperson_lefthand":{"rotation":[151.67406,-22.477247,-165.78761]},"firstperson_lefthand":{"rotation":[151.67406,-22.477247,-165.78761]},"fixed":{"rotation":[151.67406,22.477247,165.78761]},"ground":{"rotation":[151.67406,22.477247,165.78761]},"thirdperson_righthand":{"rotation":[151.67406,22.477247,165.78761]},"gui":{"rotation":[57.40957,17.747046,-34.83905]}}}