{"textures":{"0":"modelengine:entity/call_phoenix","particle":"#0"},"elements":[{"from":[7.6303806,5.6936064,7.0813475],"to":[9.94538,12.721457,9.217777],"faces":{"east":{"uv":[13.5,0.25,13.75,1.125],"tintindex":0,"rotation":0,"texture":"#0"},"south":{"uv":[14.25,0.25,14.5,1.125],"tintindex":0,"rotation":0,"texture":"#0"},"north":{"uv":[13.75,0.25,14.0,1.125],"tintindex":0,"rotation":0,"texture":"#0"},"west":{"uv":[14.0,0.25,14.25,1.125],"tintindex":0,"rotation":0,"texture":"#0"},"up":{"uv":[14.0,0.25,13.75,0.0],"tintindex":0,"rotation":0,"texture":"#0"},"down":{"uv":[14.25,0.0,14.0,0.25],"tintindex":0,"rotation":0,"texture":"#0"}}}],"display":{"head":{"rotation":[-124.030304,5.879723,158.03148]},"firstperson_righthand":{"rotation":[-124.030304,5.879723,158.03148]},"thirdperson_lefthand":{"rotation":[-124.030304,-5.879723,-158.03148]},"firstperson_lefthand":{"rotation":[-124.030304,-5.879723,-158.03148]},"fixed":{"rotation":[-124.030304,5.879723,158.03148]},"ground":{"rotation":[-124.030304,5.879723,158.03148]},"thirdperson_righthand":{"rotation":[-124.030304,5.879723,158.03148]},"gui":{"rotation":[-30.517857,18.735565,16.259914]}}}