{"textures":{"0":"modelengine:entity/call_phoenix","particle":"#0"},"elements":[{"from":[6.5696754,9.398339,5.342044],"to":[9.255385,12.998339,8.484894],"faces":{"east":{"uv":[9.75,5.0,10.125,5.375],"tintindex":0,"rotation":0,"texture":"#0"},"south":{"uv":[10.75,5.0,11.0,5.375],"tintindex":0,"rotation":0,"texture":"#0"},"north":{"uv":[10.125,5.0,10.375,5.375],"tintindex":0,"rotation":0,"texture":"#0"},"west":{"uv":[10.375,5.0,10.75,5.375],"tintindex":0,"rotation":0,"texture":"#0"},"up":{"uv":[10.375,5.0,10.125,4.625],"tintindex":0,"rotation":0,"texture":"#0"},"down":{"uv":[10.625,4.625,10.375,5.0],"tintindex":0,"rotation":0,"texture":"#0"}}}],"display":{"head":{"rotation":[20.022434,-1.8892925,-0.8219197]},"firstperson_righthand":{"rotation":[20.022434,-1.8892925,-0.8219197]},"thirdperson_lefthand":{"rotation":[20.022434,1.8892925,0.8219197]},"firstperson_lefthand":{"rotation":[20.022434,1.8892925,0.8219197]},"fixed":{"rotation":[20.022434,-1.8892925,-0.8219197]},"ground":{"rotation":[20.022434,-1.8892925,-0.8219197]},"thirdperson_righthand":{"rotation":[20.022434,-1.8892925,-0.8219197]},"gui":{"rotation":[-176.46776,-39.84366,160.79767]}}}