{"textures":{"0":"modelengine:entity/tsuyutex","particle":"#0"},"elements":[{"from":[7.601923,7.7670975,5.312704],"to":[8.101923,8.267097,5.562704],"faces":{"east":{"uv":[4.258824,12.690197,4.564706,12.768628],"tintindex":0,"rotation":0,"texture":"#0"},"south":{"uv":[4.258824,12.690197,4.564706,12.768628],"tintindex":0,"rotation":0,"texture":"#0"},"north":{"uv":[4.258824,12.690197,4.564706,12.768628],"tintindex":0,"rotation":0,"texture":"#0"},"west":{"uv":[4.258824,12.690197,4.564706,12.768628],"tintindex":0,"rotation":0,"texture":"#0"},"up":{"uv":[4.258824,12.690197,4.564706,12.768628],"tintindex":0,"rotation":0,"texture":"#0"},"down":{"uv":[4.258824,12.690197,4.564706,12.768628],"tintindex":0,"rotation":0,"texture":"#0"}},"rotation":{"origin":[7.851923,8.017097,5.437704],"angle":45.0,"axis":"z"}},{"from":[4.8995905,9.725876,5.612704],"to":[5.4495907,10.925877,10.412704],"faces":{"east":{"uv":[11.22353,1.945098,10.941176,2.1176472],"tintindex":0,"rotation":0,"texture":"#0"},"south":{"uv":[11.22353,1.945098,10.941176,2.1176472],"tintindex":0,"rotation":0,"texture":"#0"},"north":{"uv":[11.22353,1.945098,10.941176,2.1176472],"tintindex":0,"rotation":0,"texture":"#0"},"west":{"uv":[11.22353,1.945098,10.941176,2.1176472],"tintindex":0,"rotation":0,"texture":"#0"},"up":{"uv":[11.22353,1.945098,10.941176,2.1176472],"tintindex":0,"rotation":0,"texture":"#0"},"down":{"uv":[11.22353,1.945098,10.941176,2.1176472],"tintindex":0,"rotation":0,"texture":"#0"}}},{"from":[4.676923,7.867098,5.4627037],"to":[11.026923,8.167097,10.562704],"faces":{"east":{"uv":[4.258824,12.690197,4.564706,12.768628],"tintindex":0,"rotation":0,"texture":"#0"},"south":{"uv":[4.258824,12.690197,4.564706,12.768628],"tintindex":0,"rotation":0,"texture":"#0"},"north":{"uv":[4.258824,12.690197,4.564706,12.768628],"tintindex":0,"rotation":0,"texture":"#0"},"west":{"uv":[4.258824,12.690197,4.564706,12.768628],"tintindex":0,"rotation":0,"texture":"#0"},"up":{"uv":[4.258824,12.690197,4.564706,12.768628],"tintindex":0,"rotation":0,"texture":"#0"},"down":{"uv":[4.258824,12.690197,4.564706,12.768628],"tintindex":0,"rotation":0,"texture":"#0"}}},{"from":[7.5519233,9.717098,5.5877037],"to":[8.151923,10.317099,10.462704],"faces":{"east":{"uv":[12.164706,2.8862746,11.882353,3.0588236],"tintindex":0,"rotation":270,"texture":"#0"},"south":{"uv":[12.164706,2.8862746,11.882353,3.0588236],"tintindex":0,"rotation":270,"texture":"#0"},"north":{"uv":[12.164706,2.8862746,11.882353,3.0588236],"tintindex":0,"rotation":90,"texture":"#0"},"west":{"uv":[12.164706,2.8862746,11.882353,3.0588236],"tintindex":0,"rotation":270,"texture":"#0"},"up":{"uv":[12.164706,2.8862746,11.882353,3.0588236],"tintindex":0,"rotation":270,"texture":"#0"},"down":{"uv":[12.164706,2.8862746,11.882353,3.0588236],"tintindex":0,"rotation":270,"texture":"#0"}},"rotation":{"origin":[7.851923,10.017097,8.012704],"angle":-45.0,"axis":"z"}},{"from":[8.901923,4.617098,5.862704],"to":[10.801923,9.117098,10.262704],"faces":{"east":{"uv":[4.070588,0.627451,0.47058824,6.5882354],"tintindex":0,"rotation":0,"texture":"#0"},"south":{"uv":[4.070588,0.627451,0.47058824,6.5882354],"tintindex":0,"rotation":0,"texture":"#0"},"north":{"uv":[4.070588,0.627451,0.47058824,6.5882354],"tintindex":0,"rotation":0,"texture":"#0"},"west":{"uv":[4.070588,0.627451,0.47058824,6.5882354],"tintindex":0,"rotation":0,"texture":"#0"},"up":{"uv":[4.070588,0.627451,0.47058824,6.5882354],"tintindex":0,"rotation":0,"texture":"#0"},"down":{"uv":[4.070588,0.627451,0.47058824,6.5882354],"tintindex":0,"rotation":0,"texture":"#0"}}},{"from":[4.776923,6.117098,5.562704],"to":[10.926923,9.917097,10.462704],"faces":{"east":{"uv":[9.011765,1.6470588,14.0,4.5960784],"tintindex":0,"rotation":0,"texture":"#0"},"south":{"uv":[9.011765,1.6470588,14.0,4.5960784],"tintindex":0,"rotation":0,"texture":"#0"},"north":{"uv":[9.011765,1.6470588,14.0,4.5960784],"tintindex":0,"rotation":0,"texture":"#0"},"west":{"uv":[9.011765,1.6470588,14.0,4.5960784],"tintindex":0,"rotation":0,"texture":"#0"},"up":{"uv":[9.011765,1.6470588,14.0,4.5960784],"tintindex":0,"rotation":0,"texture":"#0"},"down":{"uv":[9.011765,1.6470588,14.0,4.5960784],"tintindex":0,"rotation":0,"texture":"#0"}}},{"from":[10.254255,9.725876,5.612704],"to":[10.8042555,10.925877,10.412704],"faces":{"east":{"uv":[11.22353,1.945098,10.941176,2.1176472],"tintindex":0,"rotation":0,"texture":"#0"},"south":{"uv":[11.22353,1.945098,10.941176,2.1176472],"tintindex":0,"rotation":0,"texture":"#0"},"north":{"uv":[11.22353,1.945098,10.941176,2.1176472],"tintindex":0,"rotation":0,"texture":"#0"},"west":{"uv":[11.22353,1.945098,10.941176,2.1176472],"tintindex":0,"rotation":0,"texture":"#0"},"up":{"uv":[11.22353,1.945098,10.941176,2.1176472],"tintindex":0,"rotation":0,"texture":"#0"},"down":{"uv":[11.22353,1.945098,10.941176,2.1176472],"tintindex":0,"rotation":0,"texture":"#0"}}},{"from":[5.051923,6.117098,8.6627035],"to":[10.651923,10.167097,11.362703],"faces":{"east":{"uv":[9.058824,1.945098,14.047059,4.3137255],"tintindex":0,"rotation":0,"texture":"#0"},"south":{"uv":[9.058824,1.945098,14.047059,4.3137255],"tintindex":0,"rotation":0,"texture":"#0"},"north":{"uv":[9.058824,1.945098,14.047059,4.3137255],"tintindex":0,"rotation":0,"texture":"#0"},"west":{"uv":[9.058824,1.945098,14.047059,4.3137255],"tintindex":0,"rotation":0,"texture":"#0"},"up":{"uv":[9.058824,1.945098,14.047059,4.3137255],"tintindex":0,"rotation":0,"texture":"#0"},"down":{"uv":[9.058824,1.945098,14.047059,4.3137255],"tintindex":0,"rotation":0,"texture":"#0"}},"rotation":{"origin":[5.851923,8.867098,11.012704],"angle":22.5,"axis":"x"}},{"from":[8.451923,4.617098,5.662704],"to":[8.951923,9.117098,7.362704],"faces":{"east":{"uv":[9.764706,0.39215687,8.588235,1.1137255],"tintindex":0,"rotation":0,"texture":"#0"},"south":{"uv":[9.764706,0.39215687,8.588235,1.1137255],"tintindex":0,"rotation":0,"texture":"#0"},"north":{"uv":[9.764706,0.39215687,8.588235,1.1137255],"tintindex":0,"rotation":0,"texture":"#0"},"west":{"uv":[9.764706,0.39215687,8.588235,1.1137255],"tintindex":0,"rotation":0,"texture":"#0"},"up":{"uv":[9.764706,0.39215687,8.588235,1.1137255],"tintindex":0,"rotation":0,"texture":"#0"},"down":{"uv":[9.764706,0.39215687,8.588235,1.1137255],"tintindex":0,"rotation":0,"texture":"#0"}}},{"from":[7.851923,9.667097,5.612704],"to":[11.001923,10.617098,10.412704],"faces":{"east":{"uv":[11.22353,1.945098,10.941176,2.1176472],"tintindex":0,"rotation":0,"texture":"#0"},"south":{"uv":[11.22353,1.945098,10.941176,2.1176472],"tintindex":0,"rotation":0,"texture":"#0"},"north":{"uv":[11.22353,1.945098,10.941176,2.1176472],"tintindex":0,"rotation":0,"texture":"#0"},"west":{"uv":[11.22353,1.945098,10.941176,2.1176472],"tintindex":0,"rotation":0,"texture":"#0"},"up":{"uv":[11.22353,1.945098,10.941176,2.1176472],"tintindex":0,"rotation":0,"texture":"#0"},"down":{"uv":[11.22353,1.945098,10.941176,2.1176472],"tintindex":0,"rotation":0,"texture":"#0"}},"rotation":{"origin":[9.851923,8.892097,8.012704],"angle":22.5,"axis":"z"}},{"from":[4.701923,9.667097,5.612704],"to":[7.851923,10.617098,10.412704],"faces":{"east":{"uv":[11.22353,1.945098,10.941176,2.1176472],"tintindex":0,"rotation":0,"texture":"#0"},"south":{"uv":[11.22353,1.945098,10.941176,2.1176472],"tintindex":0,"rotation":0,"texture":"#0"},"north":{"uv":[11.22353,1.945098,10.941176,2.1176472],"tintindex":0,"rotation":0,"texture":"#0"},"west":{"uv":[11.22353,1.945098,10.941176,2.1176472],"tintindex":0,"rotation":0,"texture":"#0"},"up":{"uv":[11.22353,1.945098,10.941176,2.1176472],"tintindex":0,"rotation":0,"texture":"#0"},"down":{"uv":[11.22353,1.945098,10.941176,2.1176472],"tintindex":0,"rotation":0,"texture":"#0"}},"rotation":{"origin":[5.851923,8.892097,8.012704],"angle":-22.5,"axis":"z"}},{"from":[5.551923,4.804969,8.711379],"to":[10.151923,8.854969,11.411379],"faces":{"east":{"uv":[9.058824,1.945098,14.047059,4.3137255],"tintindex":0,"rotation":0,"texture":"#0"},"south":{"uv":[9.058824,1.945098,14.047059,4.3137255],"tintindex":0,"rotation":0,