{"textures":{"0":"modelengine:entity/tsuyutex","particle":"#0"},"elements":[{"from":[7.8,-2.5806665,4.1965666],"to":[8.200001,9.369333,5.796567],"faces":{"east":{"uv":[8.658823,0.39215687,9.411765,0.98823535],"tintindex":0,"rotation":90,"texture":"#0"},"south":{"uv":[8.658823,0.39215687,9.411765,0.98823535],"tintindex":0,"rotation":90,"texture":"#0"},"north":{"uv":[8.658823,0.39215687,9.411765,0.98823535],"tintindex":0,"rotation":90,"texture":"#0"},"west":{"uv":[8.658823,0.39215687,9.411765,0.98823535],"tintindex":0,"rotation":90,"texture":"#0"},"up":{"uv":[8.658823,0.39215687,9.411765,0.98823535],"tintindex":0,"rotation":90,"texture":"#0"},"down":{"uv":[8.658823,0.39215687,9.411765,0.98823535],"tintindex":0,"rotation":90,"texture":"#0"}},"rotation":{"origin":[8.0,8.0,8.286366],"angle":-22.5,"axis":"x"}},{"from":[7.4360847,7.8,8.828098],"to":[12.136084,8.2,9.428099],"faces":{"east":{"uv":[8.658823,0.39215687,9.411765,0.98823535],"tintindex":0,"rotation":90,"texture":"#0"},"south":{"uv":[8.658823,0.39215687,9.411765,0.98823535],"tintindex":0,"rotation":90,"texture":"#0"},"north":{"uv":[8.658823,0.39215687,9.411765,0.98823535],"tintindex":0,"rotation":90,"texture":"#0"},"west":{"uv":[8.658823,0.39215687,9.411765,0.98823535],"tintindex":0,"rotation":90,"texture":"#0"},"up":{"uv":[8.658823,0.39215687,9.411765,0.98823535],"tintindex":0,"rotation":90,"texture":"#0"},"down":{"uv":[8.658823,0.39215687,9.411765,0.98823535],"tintindex":0,"rotation":90,"texture":"#0"}},"rotation":{"origin":[8.0,8.0,8.286366],"angle":45.0,"axis":"y"}},{"from":[6.6306667,7.8,4.1965666],"to":[18.580667,8.2,5.796567],"faces":{"east":{"uv":[8.658823,0.39215687,9.411765,0.98823535],"tintindex":0,"rotation":90,"texture":"#0"},"south":{"uv":[8.658823,0.39215687,9.411765,0.98823535],"tintindex":0,"rotation":90,"texture":"#0"},"north":{"uv":[8.658823,0.39215687,9.411765,0.98823535],"tintindex":0,"rotation":90,"texture":"#0"},"west":{"uv":[8.658823,0.39215687,9.411765,0.98823535],"tintindex":0,"rotation":90,"texture":"#0"},"up":{"uv":[8.658823,0.39215687,9.411765,0.98823535],"tintindex":0,"rotation":90,"texture":"#0"},"down":{"uv":[8.658823,0.39215687,9.411765,0.98823535],"tintindex":0,"rotation":90,"texture":"#0"}},"rotation":{"origin":[8.0,8.0,8.286366],"angle":-22.5,"axis":"y"}},{"from":[-3.5806665,7.8,4.1965666],"to":[-2.5806665,8.2,5.546567],"faces":{"east":{"uv":[8.658823,0.39215687,9.411765,0.98823535],"tintindex":0,"rotation":90,"texture":"#0"},"south":{"uv":[8.658823,0.39215687,9.411765,0.98823535],"tintindex":0,"rotation":90,"texture":"#0"},"north":{"uv":[8.658823,0.39215687,9.411765,0.98823535],"tintindex":0,"rotation":90,"texture":"#0"},"west":{"uv":[8.658823,0.39215687,9.411765,0.98823535],"tintindex":0,"rotation":90,"texture":"#0"},"up":{"uv":[8.658823,0.39215687,9.411765,0.98823535],"tintindex":0,"rotation":90,"texture":"#0"},"down":{"uv":[8.658823,0.39215687,9.411765,0.98823535],"tintindex":0,"rotation":90,"texture":"#0"}},"rotation":{"origin":[8.0,8.0,8.286366],"angle":22.5,"axis":"y"}},{"from":[7.8,3.863916,8.828098],"to":[8.200001,8.563916,9.428099],"faces":{"east":{"uv":[8.658823,0.39215687,9.411765,0.98823535],"tintindex":0,"rotation":90,"texture":"#0"},"south":{"uv":[8.658823,0.39215687,9.411765,0.98823535],"tintindex":0,"rotation":90,"texture":"#0"},"north":{"uv":[8.658823,0.39215687,9.411765,0.98823535],"tintindex":0,"rotation":90,"texture":"#0"},"west":{"uv":[8.658823,0.39215687,9.411765,0.98823535],"tintindex":0,"rotation":90,"texture":"#0"},"up":{"uv":[8.658823,0.39215687,9.411765,0.98823535],"tintindex":0,"rotation":90,"texture":"#0"},"down":{"uv":[8.658823,0.39215687,9.411765,0.98823535],"tintindex":0,"rotation":90,"texture":"#0"}},"rotation":{"origin":[8.0,8.0,8.286366],"angle":45.0,"axis":"x"}},{"from":[7.8,-3.5806665,4.1965666],"to":[8.200001,-2.5806665,5.546567],"faces":{"east":{"uv":[8.658823,0.39215687,9.411765,0.98823535],"tintindex":0,"rotation":90,"texture":"#0"},"south":{"uv":[8.658823,0.39215687,9.411765,0.98823535],"tintindex":0,"rotation":90,"texture":"#0"},"north":{"uv":[8.658823,0.39215687,9.411765,0.98823535],"tintindex":0,"rotation":90,"texture":"#0"},"west":{"uv":[8.658823,0.39215687,9.411765,0.98823535],"tintindex":0,"rotation":90,"texture":"#0"},"up":{"uv":[8.658823,0.39215687,9.411765,0.98823535],"tintindex":0,"rotation":90,"texture":"#0"},"down":{"uv":[8.658823,0.39215687,9.411765,0.98823535],"tintindex":0,"rotation":90,"texture":"#0"}},"rotation":{"origin":[8.0,8.0,8.286366],"angle":-22.5,"axis":"x"}},{"from":[3.863916,7.8,8.828098],"to":[8.563915,8.2,9.428099],"faces":{"east":{"uv":[8.658823,0.39215687,9.411765,0.98823535],"tintindex":0,"rotation":90,"texture":"#0"},"south":{"uv":[8.658823,0.39215687,9.411765,0.98823535],"tintindex":0,"rotation":90,"texture":"#0"},"north":{"uv":[8.658823,0.39215687,9.411765,0.98823535],"tintindex":0,"rotation":90,"texture":"#0"},"west":{"uv":[8.658823,0.39215687,9.411765,0.98823535],"tintindex":0,"rotation":90,"texture":"#0"},"up":{"uv":[8.658823,0.39215687,9.411765,0.98823535],"tintindex":0,"rotation":90,"texture":"#0"},"down":{"uv":[8.658823,0.39215687,9.411765,0.98823535],"tintindex":0,"rotation":90,"texture":"#0"}},"rotation":{"origin":[8.0,8.0,8.286366],"angle":-45.0,"axis":"y"}},{"from":[7.8,6.6306667,4.1965666],"to":[8.200001,18.580667,5.796567],"faces":{"east":{"uv":[8.658823,0.39215687,9.411765,0.98823535],"tintindex":0,"rotation":90,"texture":"#0"},"south":{"uv":[8.658823,0.39215687,9.411765,0.98823535],"tintindex":0,"rotation":90,"texture":"#0"},"north":{"uv":[8.658823,0.39215687,9.411765,0.98823535],"tintindex":0,"rotation":90,"texture":"#0"},"west":{"uv":[8.658823,0.39215687,9.411765,0.98823535],"tintindex":0,"rotation":90,"texture":"#0"},"up":{"uv":[8.658823,0.39215687,9.411765,0.98823535],"tintindex":0,"rotation":90,"texture":"#0"},"down":{"uv":[8.658823,0.39215687,9.411765,0.98823535],"tintindex":0,"rotation":90,"texture":"#0"}},"rotation":{"origin":[8.0,8.0,8.286366],"angle":22.5,"axis":"x"}},{"from":[7.8,18.580667,4.1965666],"to":[8.200001,19.580667,5.546567],"faces":{"east":{"uv":[8.658823,0.39215687,9.411765,0.98823535],"tintindex":0,"rotation":90,"texture":"#0"},"south":{"uv":[8.658823,0.39215687,9.411765,0.98823535],"tintindex":0,"rotation":90,"texture":"#0"},"north":{"uv":[8.658823,0.39215687,9.411765,0.98823535],"tintindex":0,"rotation":90,"texture":"#0"},"west":{"uv":[8.658823,0.39215687,9.411765,0.98823535],"tintindex":0,"rotation":90,"texture":"#0"},"up":{"uv":[8.658823,0.39215687,9.411765,0.98823535],"tintindex":0,"rotation":90,"texture":"#0"},"down":{"uv":[8.658823,0.39215687,9.411765,0.98823535],"tintindex":0,"rotation":90,"texture":"#0"}},"rotation":{"origin":[8.0,8.0,8.286366],"angle":22.5,"axis":"x"}},{"from":[7.8,7.436084,8.828098],"to":[8.200001,12.136085,9.428099],"faces":{"east":{"uv":[8.658823,0.39215687,9.411765,0.98823535],"tintindex":0,"rotation":90,"texture":"#0"},"south":{"uv":[8.658823,0.39215687,9.411765,0.98823535],"tintindex":0,"rotation":90,"texture":"#0"},"north":{"uv":[8.658823,0.39215687,9.411765,0.98823535],"tintindex":0,"rotation":90,"texture":"#0"},"west":{"uv":[8.658823,0.39215687,9.411765,0.98823535],"tintindex":0,"rotation":90,"texture":"#0"},"up":{"uv":[8.658823,0.39215687,9.411765,0.98823535],"tintindex":0,"rotation":90,"texture":"#0"},"down":{"uv":[8.658823,0.39215687,9.411765,0.98823535],"tintindex":0,"rotation":90,"texture":"#0"}},"rotation":{"origin":[8.0,8.0,8.286366],"angle":-45.0,"axis":"x"}},{"from":[18.580667,7.8,4.1965666],"to":[19.580667,8.2,5.546567],"faces":{"east":{"uv":[8.658823,0.39215687,9.411765,0.98823535],"tintindex":0,"rotation":90,"texture":"#0"},"south":{"uv":[8.658823,0.39215687,9.411765,0.98823535],"tintindex":0,"rotation":90,"texture":"#0"},"north":{"uv":[8.658823,0.39215687,9.411765,0.98823535],"tintindex":0,"rotation":90,"texture":"#0"},"west":{"uv":[8.658823,0.39215687,9.411765,0.98823535],"tintindex":0,"rotation":90,"texture":"#0"},"up":{"uv":[8.658823,0.39215687,9.411765,0.98823535],"tintindex":0,"rotation":90,