{"textures":{"0":"modelengine:entity/tsuyutex","particle":"#0"},"elements":[{"from":[7.559196,10.770504,9.074123],"to":[8.309196,11.520504,10.774123],"faces":{"east":{"uv":[9.764706,0.39215687,8.588235,1.1137255],"tintindex":0,"rotation":0,"texture":"#0"},"south":{"uv":[9.764706,0.39215687,8.588235,1.1137255],"tintindex":0,"rotation":0,"texture":"#0"},"north":{"uv":[9.764706,0.39215687,8.588235,1.1137255],"tintindex":0,"rotation":0,"texture":"#0"},"west":{"uv":[9.764706,0.39215687,8.588235,1.1137255],"tintindex":0,"rotation":0,"texture":"#0"},"up":{"uv":[9.764706,0.39215687,8.588235,1.1137255],"tintindex":0,"rotation":0,"texture":"#0"},"down":{"uv":[9.764706,0.39215687,8.588235,1.1137255],"tintindex":0,"rotation":0,"texture":"#0"}},"rotation":{"origin":[7.934196,11.145504,11.224123],"angle":-45.0,"axis":"y"}},{"from":[8.998935,5.116947,5.789719],"to":[9.398935,11.116947,9.189719],"faces":{"east":{"uv":[6.423529,3.7647061,4.7058825,7.2156863],"tintindex":0,"rotation":0,"texture":"#0"},"south":{"uv":[6.423529,3.7647061,4.7058825,7.2156863],"tintindex":0,"rotation":0,"texture":"#0"},"north":{"uv":[4.5411763,1.5686275,2.8235295,5.019608],"tintindex":0,"rotation":0,"texture":"#0"},"west":{"uv":[6.423529,3.7647061,4.7058825,7.2156863],"tintindex":0,"rotation":0,"texture":"#0"},"up":{"uv":[6.423529,3.7647061,4.7058825,7.2156863],"tintindex":0,"rotation":0,"texture":"#0"},"down":{"uv":[6.423529,3.7647061,4.7058825,7.2156863],"tintindex":0,"rotation":0,"texture":"#0"}}},{"from":[7.423935,5.866947,9.189719],"to":[8.423935,11.366947,9.939719],"faces":{"east":{"uv":[6.423529,1.8823531,1.882353,4.0784316],"tintindex":0,"rotation":0,"texture":"#0"},"south":{"uv":[6.423529,1.8823531,1.882353,4.0784316],"tintindex":0,"rotation":0,"texture":"#0"},"north":{"uv":[6.423529,1.8823531,1.882353,4.0784316],"tintindex":0,"rotation":0,"texture":"#0"},"west":{"uv":[6.423529,1.8823531,1.882353,4.0784316],"tintindex":0,"rotation":0,"texture":"#0"},"up":{"uv":[6.423529,1.8823531,1.882353,4.0784316],"tintindex":0,"rotation":0,"texture":"#0"},"down":{"uv":[6.423529,1.8823531,1.882353,4.0784316],"tintindex":0,"rotation":0,"texture":"#0"}},"rotation":{"origin":[7.923935,8.616947,9.564719],"angle":22.5,"axis":"x"}},{"from":[7.2803106,10.770504,10.42109],"to":[8.517559,11.520504,11.17109],"faces":{"east":{"uv":[9.764706,0.39215687,8.588235,1.1137255],"tintindex":0,"rotation":0,"texture":"#0"},"south":{"uv":[9.764706,0.39215687,8.588235,1.1137255],"tintindex":0,"rotation":0,"texture":"#0"},"north":{"uv":[9.764706,0.39215687,8.588235,1.1137255],"tintindex":0,"rotation":0,"texture":"#0"},"west":{"uv":[9.764706,0.39215687,8.588235,1.1137255],"tintindex":0,"rotation":0,"texture":"#0"},"up":{"uv":[9.764706,0.39215687,8.588235,1.1137255],"tintindex":0,"rotation":90,"texture":"#0"},"down":{"uv":[9.764706,0.39215687,8.588235,1.1137255],"tintindex":0,"rotation":270,"texture":"#0"}}},{"from":[8.598935,5.116947,5.789719],"to":[8.998935,10.266947,9.189719],"faces":{"east":{"uv":[6.423529,3.7647061,4.7058825,7.2156863],"tintindex":0,"rotation":0,"texture":"#0"},"south":{"uv":[6.423529,3.7647061,4.7058825,7.2156863],"tintindex":0,"rotation":0,"texture":"#0"},"north":{"uv":[3.6000001,2.1960785,1.882353,5.647059],"tintindex":0,"rotation":0,"texture":"#0"},"west":{"uv":[6.423529,3.7647061,4.7058825,7.2156863],"tintindex":0,"rotation":0,"texture":"#0"},"up":{"uv":[6.423529,3.7647061,4.7058825,7.2156863],"tintindex":0,"rotation":0,"texture":"#0"},"down":{"uv":[6.423529,3.7647061,4.7058825,7.2156863],"tintindex":0,"rotation":0,"texture":"#0"}}},{"from":[7.6892095,7.59923,5.639719],"to":[8.18921,10.799229,6.189719],"faces":{"east":{"uv":[9.764706,0.39215687,8.588235,1.1137255],"tintindex":0,"rotation":0,"texture":"#0"},"south":{"uv":[9.764706,0.39215687,8.588235,1.1137255],"tintindex":0,"rotation":0,"texture":"#0"},"north":{"uv":[9.764706,0.39215687,8.588235,1.1137255],"tintindex":0,"rotation":0,"texture":"#0"},"west":{"uv":[9.764706,0.39215687,8.588235,1.1137255],"tintindex":0,"rotation":0,"texture":"#0"},"up":{"uv":[9.764706,0.39215687,8.588235,1.1137255],"tintindex":0,"rotation":0,"texture":"#0"},"down":{"uv":[9.764706,0.39215687,8.588235,1.1137255],"tintindex":0,"rotation":0,"texture":"#0"}},"rotation":{"origin":[9.10165,7.919029,7.718109],"angle":-22.5,"axis":"z"}},{"from":[8.061375,10.453217,5.939719],"to":[8.811375,11.553217,10.039719],"faces":{"east":{"uv":[9.764706,0.39215687,8.588235,1.1137255],"tintindex":0,"rotation":0,"texture":"#0"},"south":{"uv":[9.764706,0.39215687,8.588235,1.1137255],"tintindex":0,"rotation":0,"texture":"#0"},"north":{"uv":[9.764706,0.39215687,8.588235,1.1137255],"tintindex":0,"rotation":0,"texture":"#0"},"west":{"uv":[9.764706,0.39215687,8.588235,1.1137255],"tintindex":0,"rotation":0,"texture":"#0"},"up":{"uv":[9.764706,0.39215687,8.588235,1.1137255],"tintindex":0,"rotation":0,"texture":"#0"},"down":{"uv":[9.764706,0.39215687,8.588235,1.1137255],"tintindex":0,"rotation":0,"texture":"#0"}},"rotation":{"origin":[7.398935,8.373016,8.0681095],"angle":45.0,"axis":"z"}},{"from":[4.9989347,5.116947,5.689719],"to":[6.648935,11.116947,9.439719],"faces":{"east":{"uv":[5.0117645,1.254902,1.4117647,7.2156863],"tintindex":0,"rotation":0,"texture":"#0"},"south":{"uv":[5.0117645,1.254902,1.4117647,7.2156863],"tintindex":0,"rotation":0,"texture":"#0"},"north":{"uv":[5.0117645,1.254902,1.4117647,7.2156863],"tintindex":0,"rotation":0,"texture":"#0"},"west":{"uv":[5.0117645,1.254902,1.4117647,7.2156863],"tintindex":0,"rotation":0,"texture":"#0"},"up":{"uv":[5.0117645,1.254902,1.4117647,7.2156863],"tintindex":0,"rotation":0,"texture":"#0"},"down":{"uv":[5.0117645,1.254902,1.4117647,7.2156863],"tintindex":0,"rotation":0,"texture":"#0"}}},{"from":[6.173935,5.866947,9.189719],"to":[9.673935,10.866947,9.439719],"faces":{"east":{"uv":[6.423529,1.8823531,1.882353,4.0784316],"tintindex":0,"rotation":0,"texture":"#0"},"south":{"uv":[6.423529,1.8823531,1.882353,4.0784316],"tintindex":0,"rotation":0,"texture":"#0"},"north":{"uv":[6.423529,1.8823531,1.882353,4.0784316],"tintindex":0,"rotation":0,"texture":"#0"},"west":{"uv":[6.423529,1.8823531,1.882353,4.0784316],"tintindex":0,"rotation":0,"texture":"#0"},"up":{"uv":[6.423529,1.8823531,1.882353,4.0784316],"tintindex":0,"rotation":0,"texture":"#0"},"down":{"uv":[6.423529,1.8823531,1.882353,4.0784316],"tintindex":0,"rotation":0,"texture":"#0"}},"rotation":{"origin":[7.923935,8.616947,9.564719],"angle":22.5,"axis":"x"}},{"from":[7.648935,5.116947,5.689719],"to":[8.148935,8.116947,9.189719],"faces":{"east":{"uv":[6.423529,3.7647061,4.7058825,7.2156863],"tintindex":0,"rotation":0,"texture":"#0"},"south":{"uv":[6.423529,3.7647061,4.7058825,7.2156863],"tintindex":0,"rotation":0,"texture":"#0"},"north":{"uv":[4.5411763,1.5686275,2.8235295,5.019608],"tintindex":0,"rotation":0,"texture":"#0"},"west":{"uv":[6.423529,3.7647061,4.7058825,7.2156863],"tintindex":0,"rotation":0,"texture":"#0"},"up":{"uv":[6.423529,3.7647061,4.7058825,7.2156863],"tintindex":0,"rotation":0,"texture":"#0"},"down":{"uv":[6.423529,3.7647061,4.7058825,7.2156863],"tintindex":0,"rotation":0,"texture":"#0"}}},{"from":[6.1489353,7.116947,5.814719],"to":[9.648935,10.616947,9.289719],"faces":{"east":{"uv":[13.011765,0.3137255,11.294118,1.0980393],"tintindex":0,"rotation":0,"texture":"#0"},"south":{"uv":[13.011765,0.3137255,11.294118,1.0980393],"tintindex":0,"rotation":0,"texture":"#0"},"north":{"uv":[13.011765,0.3137255,11.294118,1.0980393],"tintindex":0,"rotation":0,"texture":"#0"},"west":{"uv":[13.011765,0.3137255,11.294118,1.0980393],"tintindex":0,"rotation":0,"texture":"#0"},"up":{"uv":[13.011765,0.3137255,11.294118,1.0980393],"tintindex":0,"rotation":0,"texture":"#0"},"down":{"uv":[13.011765,0.3137255,11.294118,1.0980393],"tintindex":0,"rotation":0,"texture":"#0"}}},{"from":[9.398935,5.116947,5.789719],"to":[10.798935,11.116947,9.439719],"faces":{"east":{"uv":[6.8941174,1.5686275,3.2941177,7.5294123],"tintindex":0,"rotation":0,"texture":"#0"},