{"textures":{"0":"modelengine:entity/tsuyutex","particle":"#0"},"elements":[{"from":[4.5,1.5,7.75],"to":[11.5,8.5,8.75],"faces":{"east":{"uv":[6.164706,13.803922,7.905882,15.058825],"tintindex":0,"rotation":0,"texture":"#0"},"south":{"uv":[6.164706,13.803922,7.905882,15.058825],"tintindex":0,"rotation":0,"texture":"#0"},"north":{"uv":[6.164706,13.803922,7.905882,15.058825],"tintindex":0,"rotation":0,"texture":"#0"},"west":{"uv":[6.164706,13.803922,7.905882,15.058825],"tintindex":0,"rotation":0,"texture":"#0"},"up":{"uv":[6.164706,13.803922,7.905882,15.058825],"tintindex":0,"rotation":0,"texture":"#0"},"down":{"uv":[6.164706,13.803922,7.905882,15.058825],"tintindex":0,"rotation":0,"texture":"#0"}}},{"from":[6.5,2.5,8.25],"to":[9.5,8.5,9.25],"faces":{"east":{"uv":[6.164706,13.803922,7.905882,15.058825],"tintindex":0,"rotation":0,"texture":"#0"},"south":{"uv":[6.164706,13.803922,7.905882,15.058825],"tintindex":0,"rotation":0,"texture":"#0"},"north":{"uv":[6.164706,13.803922,7.905882,15.058825],"tintindex":0,"rotation":0,"texture":"#0"},"west":{"uv":[6.164706,13.803922,7.905882,15.058825],"tintindex":0,"rotation":0,"texture":"#0"},"up":{"uv":[6.164706,13.803922,7.905882,15.058825],"tintindex":0,"rotation":0,"texture":"#0"},"down":{"uv":[6.164706,13.803922,7.905882,15.058825],"tintindex":0,"rotation":0,"texture":"#0"}}},{"from":[11.0,2.5,6.75],"to":[12.0,9.5,7.75],"faces":{"east":{"uv":[6.164706,13.803922,7.952941,15.058825],"tintindex":0,"rotation":0,"texture":"#0"},"south":{"uv":[6.164706,13.803922,7.952941,15.058825],"tintindex":0,"rotation":0,"texture":"#0"},"north":{"uv":[6.164706,13.803922,7.952941,15.058825],"tintindex":0,"rotation":0,"texture":"#0"},"west":{"uv":[6.164706,13.803922,7.952941,15.058825],"tintindex":0,"rotation":0,"texture":"#0"},"up":{"uv":[6.164706,13.803922,7.952941,15.058825],"tintindex":0,"rotation":0,"texture":"#0"},"down":{"uv":[6.164706,13.803922,7.952941,15.058825],"tintindex":0,"rotation":0,"texture":"#0"}}},{"from":[5.25,-3.5,7.75],"to":[10.75,1.5,8.75],"faces":{"east":{"uv":[6.164706,13.176471,7.882353,14.039216],"tintindex":0,"rotation":0,"texture":"#0"},"south":{"uv":[6.164706,13.176471,7.882353,14.039216],"tintindex":0,"rotation":0,"texture":"#0"},"north":{"uv":[6.164706,13.176471,7.882353,14.039216],"tintindex":0,"rotation":0,"texture":"#0"},"west":{"uv":[6.164706,13.176471,7.882353,14.039216],"tintindex":0,"rotation":0,"texture":"#0"},"up":{"uv":[6.164706,13.176471,7.882353,14.039216],"tintindex":0,"rotation":0,"texture":"#0"},"down":{"uv":[6.164706,13.176471,7.882353,14.039216],"tintindex":0,"rotation":0,"texture":"#0"}}},{"from":[7.25,-2.5,8.25],"to":[8.75,2.5,9.25],"faces":{"east":{"uv":[6.164706,13.176471,7.882353,14.039216],"tintindex":0,"rotation":0,"texture":"#0"},"south":{"uv":[6.164706,13.176471,7.882353,14.039216],"tintindex":0,"rotation":0,"texture":"#0"},"north":{"uv":[6.164706,13.176471,7.882353,14.039216],"tintindex":0,"rotation":0,"texture":"#0"},"west":{"uv":[6.164706,13.176471,7.882353,14.039216],"tintindex":0,"rotation":0,"texture":"#0"},"up":{"uv":[6.164706,13.176471,7.882353,14.039216],"tintindex":0,"rotation":0,"texture":"#0"},"down":{"uv":[6.164706,13.176471,7.882353,14.039216],"tintindex":0,"rotation":0,"texture":"#0"}}},{"from":[4.0,2.5,6.75],"to":[5.0,9.5,7.75],"faces":{"east":{"uv":[6.164706,13.803922,7.952941,15.058825],"tintindex":0,"rotation":0,"texture":"#0"},"south":{"uv":[6.164706,13.803922,7.952941,15.058825],"tintindex":0,"rotation":0,"texture":"#0"},"north":{"uv":[6.164706,13.803922,7.952941,15.058825],"tintindex":0,"rotation":0,"texture":"#0"},"west":{"uv":[6.164706,13.803922,7.952941,15.058825],"tintindex":0,"rotation":0,"texture":"#0"},"up":{"uv":[6.164706,13.803922,7.952941,15.058825],"tintindex":0,"rotation":0,"texture":"#0"},"down":{"uv":[6.164706,13.803922,7.952941,15.058825],"tintindex":0,"rotation":0,"texture":"#0"}}}],"display":{"head":{"rotation":[0.0,0.0,0.0]},"firstperson_righthand":{"rotation":[0.0,0.0,0.0]},"thirdperson_lefthand":{"rotation":[0.0,-0.0,-0.0]},"firstperson_lefthand":{"rotation":[0.0,-0.0,-0.0]},"fixed":{"rotation":[0.0,0.0,0.0]},"ground":{"rotation":[0.0,0.0,0.0]},"thirdperson_righthand":{"rotation":[0.0,0.0,0.0]},"gui":{"rotation":[-150.0,-45.0,180.0]}}}