{"textures":{"0":"modelengine:entity/tsuyutex","particle":"#0"},"elements":[{"from":[8.028491,7.4392776,6.24375],"to":[10.028491,9.439278,8.64375],"faces":{"east":{"uv":[5.0117645,1.254902,1.4117647,7.2156863],"tintindex":0,"rotation":0,"texture":"#0"},"south":{"uv":[5.0117645,1.254902,1.4117647,7.2156863],"tintindex":0,"rotation":0,"texture":"#0"},"north":{"uv":[5.0117645,1.254902,1.4117647,7.2156863],"tintindex":0,"rotation":0,"texture":"#0"},"west":{"uv":[5.0117645,1.254902,1.4117647,7.2156863],"tintindex":0,"rotation":0,"texture":"#0"},"up":{"uv":[5.0117645,1.254902,1.4117647,7.2156863],"tintindex":0,"rotation":0,"texture":"#0"},"down":{"uv":[5.0117645,1.254902,1.4117647,7.2156863],"tintindex":0,"rotation":0,"texture":"#0"}},"rotation":{"origin":[9.090992,7.1330585,6.95625],"angle":45.0,"axis":"z"}},{"from":[6.7089467,2.0124998,6.14375],"to":[9.208946,8.012501,8.94375],"faces":{"east":{"uv":[6.423529,2.509804,4.2352943,6.901961],"tintindex":0,"rotation":0,"texture":"#0"},"south":{"uv":[6.423529,2.509804,4.2352943,6.901961],"tintindex":0,"rotation":0,"texture":"#0"},"north":{"uv":[6.423529,2.509804,4.2352943,6.901961],"tintindex":0,"rotation":0,"texture":"#0"},"west":{"uv":[6.423529,2.509804,4.2352943,6.901961],"tintindex":0,"rotation":0,"texture":"#0"},"up":{"uv":[6.423529,2.509804,4.2352943,6.901961],"tintindex":0,"rotation":0,"texture":"#0"},"down":{"uv":[6.423529,2.509804,4.2352943,6.901961],"tintindex":0,"rotation":0,"texture":"#0"}}},{"from":[7.2089467,2.0124998,6.19375],"to":[8.708946,6.012501,10.69375],"faces":{"east":{"uv":[7.835294,1.5686275,5.647059,5.019608],"tintindex":0,"rotation":0,"texture":"#0"},"south":{"uv":[7.835294,1.5686275,5.647059,5.019608],"tintindex":0,"rotation":0,"texture":"#0"},"north":{"uv":[7.835294,1.5686275,5.647059,5.019608],"tintindex":0,"rotation":0,"texture":"#0"},"west":{"uv":[6.423529,3.137255,4.7058825,5.3333335],"tintindex":0,"rotation":0,"texture":"#0"},"up":{"uv":[7.835294,1.5686275,5.647059,5.019608],"tintindex":0,"rotation":0,"texture":"#0"},"down":{"uv":[7.835294,1.5686275,5.647059,5.019608],"tintindex":0,"rotation":0,"texture":"#0"}}},{"from":[7.4589467,6.012501,6.94375],"to":[8.458946,7.9125004,10.19375],"faces":{"east":{"uv":[6.8941174,2.509804,5.1764708,4.7058825],"tintindex":0,"rotation":0,"texture":"#0"},"south":{"uv":[6.8941174,2.509804,5.1764708,4.7058825],"tintindex":0,"rotation":0,"texture":"#0"},"north":{"uv":[6.8941174,2.509804,5.1764708,4.7058825],"tintindex":0,"rotation":0,"texture":"#0"},"west":{"uv":[6.8941174,2.509804,5.1764708,4.7058825],"tintindex":0,"rotation":0,"texture":"#0"},"up":{"uv":[6.8941174,2.509804,5.1764708,4.7058825],"tintindex":0,"rotation":0,"texture":"#0"},"down":{"uv":[6.8941174,2.509804,5.1764708,4.7058825],"tintindex":0,"rotation":0,"texture":"#0"}}}],"display":{"head":{"rotation":[0.0,0.0,0.0]},"firstperson_righthand":{"rotation":[0.0,0.0,0.0]},"thirdperson_lefthand":{"rotation":[0.0,-0.0,-0.0]},"firstperson_lefthand":{"rotation":[0.0,-0.0,-0.0]},"fixed":{"rotation":[0.0,0.0,0.0]},"ground":{"rotation":[0.0,0.0,0.0]},"thirdperson_righthand":{"rotation":[0.0,0.0,0.0]},"gui":{"rotation":[-150.0,-45.0,180.0]}}}