{"textures":{"0":"modelengine:entity/tsuyutex","particle":"#0"},"elements":[{"from":[6.287253,2.3214288,5.3213873],"to":[6.537253,3.3214288,7.021387],"faces":{"east":{"uv":[9.552941,0.39215687,8.941176,0.627451],"tintindex":0,"rotation":0,"texture":"#0"},"south":{"uv":[9.552941,0.39215687,8.941176,0.627451],"tintindex":0,"rotation":0,"texture":"#0"},"north":{"uv":[9.552941,0.39215687,8.941176,0.627451],"tintindex":0,"rotation":0,"texture":"#0"},"west":{"uv":[9.552941,0.39215687,8.941176,0.627451],"tintindex":0,"rotation":0,"texture":"#0"},"up":{"uv":[9.552941,0.39215687,8.941176,0.627451],"tintindex":0,"rotation":0,"texture":"#0"},"down":{"uv":[9.552941,0.39215687,8.941176,0.627451],"tintindex":0,"rotation":0,"texture":"#0"}},"rotation":{"origin":[6.412253,2.6964288,7.3463874],"angle":-45.0,"axis":"y"}},{"from":[6.7093096,2.3214288,6.026108],"to":[9.309309,3.0714288,10.276108],"faces":{"east":{"uv":[13.011765,0.3137255,11.294118,1.0980393],"tintindex":0,"rotation":0,"texture":"#0"},"south":{"uv":[13.011765,0.3137255,11.294118,1.0980393],"tintindex":0,"rotation":0,"texture":"#0"},"north":{"uv":[13.011765,0.3137255,11.294118,1.0980393],"tintindex":0,"rotation":0,"texture":"#0"},"west":{"uv":[13.011765,0.3137255,11.294118,1.0980393],"tintindex":0,"rotation":0,"texture":"#0"},"up":{"uv":[13.011765,0.3137255,11.294118,1.0980393],"tintindex":0,"rotation":0,"texture":"#0"},"down":{"uv":[13.011765,0.3137255,11.294118,1.0980393],"tintindex":0,"rotation":0,"texture":"#0"}}},{"from":[9.504589,2.3214288,5.248164],"to":[9.754589,3.3214288,7.198164],"faces":{"east":{"uv":[9.552941,0.39215687,8.941176,0.627451],"tintindex":0,"rotation":0,"texture":"#0"},"south":{"uv":[9.552941,0.39215687,8.941176,0.627451],"tintindex":0,"rotation":0,"texture":"#0"},"north":{"uv":[9.552941,0.39215687,8.941176,0.627451],"tintindex":0,"rotation":0,"texture":"#0"},"west":{"uv":[9.552941,0.39215687,8.941176,0.627451],"tintindex":0,"rotation":0,"texture":"#0"},"up":{"uv":[9.552941,0.39215687,8.941176,0.627451],"tintindex":0,"rotation":0,"texture":"#0"},"down":{"uv":[9.552941,0.39215687,8.941176,0.627451],"tintindex":0,"rotation":0,"texture":"#0"}},"rotation":{"origin":[9.629589,2.6964288,7.523164],"angle":45.0,"axis":"y"}},{"from":[6.7093096,2.5714288,7.5761075],"to":[9.309309,7.071429,10.176107],"faces":{"east":{"uv":[13.011765,0.3137255,11.294118,1.0980393],"tintindex":0,"rotation":0,"texture":"#0"},"south":{"uv":[13.011765,0.3137255,11.294118,1.0980393],"tintindex":0,"rotation":0,"texture":"#0"},"north":{"uv":[13.011765,0.3137255,11.294118,1.0980393],"tintindex":0,"rotation":0,"texture":"#0"},"west":{"uv":[13.011765,0.3137255,11.294118,1.0980393],"tintindex":0,"rotation":0,"texture":"#0"},"up":{"uv":[13.011765,0.3137255,11.294118,1.0980393],"tintindex":0,"rotation":0,"texture":"#0"},"down":{"uv":[13.011765,0.3137255,11.294118,1.0980393],"tintindex":0,"rotation":0,"texture":"#0"}}},{"from":[6.609309,1.5714288,5.826108],"to":[9.409309,2.3214288,10.376108],"faces":{"east":{"uv":[8.941176,0.39215687,9.552941,0.627451],"tintindex":0,"rotation":0,"texture":"#0"},"south":{"uv":[8.941176,0.39215687,9.552941,0.627451],"tintindex":0,"rotation":0,"texture":"#0"},"north":{"uv":[8.941176,0.39215687,9.552941,0.627451],"tintindex":0,"rotation":0,"texture":"#0"},"west":{"uv":[8.941176,0.39215687,9.552941,0.627451],"tintindex":0,"rotation":0,"texture":"#0"},"up":{"uv":[8.941176,0.39215687,9.552941,0.627451],"tintindex":0,"rotation":0,"texture":"#0"},"down":{"uv":[8.941176,0.39215687,9.552941,0.627451],"tintindex":0,"rotation":0,"texture":"#0"}}}],"display":{"head":{"rotation":[0.0,0.0,0.0]},"firstperson_righthand":{"rotation":[0.0,0.0,0.0]},"thirdperson_lefthand":{"rotation":[0.0,-0.0,-0.0]},"firstperson_lefthand":{"rotation":[0.0,-0.0,-0.0]},"fixed":{"rotation":[0.0,0.0,0.0]},"ground":{"rotation":[0.0,0.0,0.0]},"thirdperson_righthand":{"rotation":[0.0,0.0,0.0]},"gui":{"rotation":[-150.0,-45.0,180.0]}}}