{"textures":{"0":"modelengine:entity/tsuyutex","particle":"#0"},"elements":[{"from":[6.35,-1.833333,5.7166667],"to":[10.55,9.166667,10.316667],"faces":{"east":{"uv":[5.0117645,0.37647063,1.4117647,6.27451],"tintindex":0,"rotation":0,"texture":"#0"},"south":{"uv":[5.0117645,0.37647063,1.4117647,6.27451],"tintindex":0,"rotation":0,"texture":"#0"},"north":{"uv":[5.0117645,0.37647063,1.4117647,6.27451],"tintindex":0,"rotation":0,"texture":"#0"},"west":{"uv":[5.0117645,0.37647063,1.4117647,6.27451],"tintindex":0,"rotation":0,"texture":"#0"},"up":{"uv":[5.0117645,0.37647063,1.4117647,6.27451],"tintindex":0,"rotation":0,"texture":"#0"},"down":{"uv":[5.0117645,0.37647063,1.4117647,6.27451],"tintindex":0,"rotation":0,"texture":"#0"}}},{"from":[10.25,-1.833333,5.666667],"to":[10.75,9.166667,10.266666],"faces":{"east":{"uv":[9.764706,0.39215687,8.588235,1.1137255],"tintindex":0,"rotation":0,"texture":"#0"},"south":{"uv":[9.764706,0.39215687,8.588235,1.1137255],"tintindex":0,"rotation":0,"texture":"#0"},"north":{"uv":[9.764706,0.39215687,8.588235,1.1137255],"tintindex":0,"rotation":0,"texture":"#0"},"west":{"uv":[9.764706,0.39215687,8.588235,1.1137255],"tintindex":0,"rotation":0,"texture":"#0"},"up":{"uv":[9.764706,0.39215687,8.588235,1.1137255],"tintindex":0,"rotation":0,"texture":"#0"},"down":{"uv":[9.764706,0.39215687,8.588235,1.1137255],"tintindex":0,"rotation":0,"texture":"#0"}}}],"display":{"head":{"rotation":[0.0,0.0,0.0]},"firstperson_righthand":{"rotation":[0.0,0.0,0.0]},"thirdperson_lefthand":{"rotation":[0.0,-0.0,-0.0]},"firstperson_lefthand":{"rotation":[0.0,-0.0,-0.0]},"fixed":{"rotation":[0.0,0.0,0.0]},"ground":{"rotation":[0.0,0.0,0.0]},"thirdperson_righthand":{"rotation":[0.0,0.0,0.0]},"gui":{"rotation":[-150.0,-45.0,180.0]}}}