{"textures":{"0":"modelengine:entity/tsuyutex","particle":"#0"},"elements":[{"from":[6.791054,1.999999,6.59375],"to":[9.291054,8.0,9.39375],"faces":{"east":{"uv":[6.423529,2.509804,4.2352943,6.901961],"tintindex":0,"rotation":0,"texture":"#0"},"south":{"uv":[6.423529,2.509804,4.2352943,6.901961],"tintindex":0,"rotation":0,"texture":"#0"},"north":{"uv":[4.2352943,2.509804,6.423529,6.901961],"tintindex":0,"rotation":0,"texture":"#0"},"west":{"uv":[6.423529,2.509804,4.2352943,6.901961],"tintindex":0,"rotation":0,"texture":"#0"},"up":{"uv":[6.423529,2.509804,4.2352943,6.901961],"tintindex":0,"rotation":0,"texture":"#0"},"down":{"uv":[6.423529,2.509804,4.2352943,6.901961],"tintindex":0,"rotation":0,"texture":"#0"}}},{"from":[5.971509,7.426777,6.84375],"to":[7.971509,9.426777,9.34375],"faces":{"east":{"uv":[5.0117645,1.254902,1.4117647,7.2156863],"tintindex":0,"rotation":0,"texture":"#0"},"south":{"uv":[5.0117645,1.254902,1.4117647,7.2156863],"tintindex":0,"rotation":0,"texture":"#0"},"north":{"uv":[5.0117645,1.254902,1.4117647,7.2156863],"tintindex":0,"rotation":0,"texture":"#0"},"west":{"uv":[5.0117645,1.254902,1.4117647,7.2156863],"tintindex":0,"rotation":0,"texture":"#0"},"up":{"uv":[5.0117645,1.254902,1.4117647,7.2156863],"tintindex":0,"rotation":0,"texture":"#0"},"down":{"uv":[5.0117645,1.254902,1.4117647,7.2156863],"tintindex":0,"rotation":0,"texture":"#0"}},"rotation":{"origin":[6.909008,7.120558,7.65625],"angle":-45.0,"axis":"z"}},{"from":[7.541054,6.0,7.39375],"to":[8.541054,8.0,10.64375],"faces":{"east":{"uv":[6.8941174,2.509804,5.1764708,4.7058825],"tintindex":0,"rotation":0,"texture":"#0"},"south":{"uv":[6.8941174,2.509804,5.1764708,4.7058825],"tintindex":0,"rotation":0,"texture":"#0"},"north":{"uv":[6.8941174,2.509804,5.1764708,4.7058825],"tintindex":0,"rotation":0,"texture":"#0"},"west":{"uv":[6.8941174,2.509804,5.1764708,4.7058825],"tintindex":0,"rotation":0,"texture":"#0"},"up":{"uv":[6.8941174,2.509804,5.1764708,4.7058825],"tintindex":0,"rotation":0,"texture":"#0"},"down":{"uv":[6.8941174,2.509804,5.1764708,4.7058825],"tintindex":0,"rotation":0,"texture":"#0"}}},{"from":[7.291054,1.999999,6.64375],"to":[8.791054,6.0,11.14375],"faces":{"east":{"uv":[7.835294,1.5686275,5.647059,5.019608],"tintindex":0,"rotation":0,"texture":"#0"},"south":{"uv":[7.835294,1.5686275,5.647059,5.019608],"tintindex":0,"rotation":0,"texture":"#0"},"north":{"uv":[7.835294,1.5686275,5.647059,5.019608],"tintindex":0,"rotation":0,"texture":"#0"},"west":{"uv":[6.423529,3.137255,4.7058825,5.3333335],"tintindex":0,"rotation":0,"texture":"#0"},"up":{"uv":[7.835294,1.5686275,5.647059,5.019608],"tintindex":0,"rotation":0,"texture":"#0"},"down":{"uv":[7.835294,1.5686275,5.647059,5.019608],"tintindex":0,"rotation":0,"texture":"#0"}}}],"display":{"head":{"rotation":[0.0,0.0,0.0]},"firstperson_righthand":{"rotation":[0.0,0.0,0.0]},"thirdperson_lefthand":{"rotation":[0.0,-0.0,-0.0]},"firstperson_lefthand":{"rotation":[0.0,-0.0,-0.0]},"fixed":{"rotation":[0.0,0.0,0.0]},"ground":{"rotation":[0.0,0.0,0.0]},"thirdperson_righthand":{"rotation":[0.0,0.0,0.0]},"gui":{"rotation":[-150.0,-45.0,180.0]}}}