{"textures":{"0":"modelengine:entity/tsuyutex","particle":"#0"},"elements":[{"from":[7.1000004,5.325,9.29],"to":[8.9,8.575001,11.79],"faces":{"east":{"uv":[6.423529,4.7058825,4.2352943,6.901961],"tintindex":0,"rotation":0,"texture":"#0"},"south":{"uv":[6.423529,4.7058825,4.2352943,6.901961],"tintindex":0,"rotation":0,"texture":"#0"},"north":{"uv":[6.423529,4.7058825,4.2352943,6.901961],"tintindex":0,"rotation":0,"texture":"#0"},"west":{"uv":[6.423529,4.7058825,4.2352943,6.901961],"tintindex":0,"rotation":0,"texture":"#0"},"up":{"uv":[6.423529,4.7058825,4.2352943,6.901961],"tintindex":0,"rotation":0,"texture":"#0"},"down":{"uv":[6.423529,4.7058825,4.2352943,6.901961],"tintindex":0,"rotation":0,"texture":"#0"}}},{"from":[6.5,3.3249998,6.54],"to":[9.5,5.325,10.04],"faces":{"east":{"uv":[6.423529,3.4509804,3.764706,4.392157],"tintindex":0,"rotation":0,"texture":"#0"},"south":{"uv":[6.423529,3.4509804,3.764706,4.392157],"tintindex":0,"rotation":0,"texture":"#0"},"north":{"uv":[3.764706,3.4509804,6.423529,4.392157],"tintindex":0,"rotation":0,"texture":"#0"},"west":{"uv":[6.423529,3.4509804,3.764706,4.392157],"tintindex":0,"rotation":0,"texture":"#0"},"up":{"uv":[6.423529,3.4509804,3.764706,4.392157],"tintindex":0,"rotation":0,"texture":"#0"},"down":{"uv":[6.423529,3.4509804,3.764706,4.392157],"tintindex":0,"rotation":0,"texture":"#0"}}},{"from":[6.65,5.325,6.64],"to":[9.35,8.325001,9.79],"faces":{"east":{"uv":[7.835294,1.5686275,5.647059,5.019608],"tintindex":0,"rotation":0,"texture":"#0"},"south":{"uv":[7.835294,1.5686275,5.647059,5.019608],"tintindex":0,"rotation":0,"texture":"#0"},"north":{"uv":[5.647059,1.5686275,7.835294,5.019608],"tintindex":0,"rotation":0,"texture":"#0"},"west":{"uv":[7.835294,1.5686275,5.647059,5.019608],"tintindex":0,"rotation":0,"texture":"#0"},"up":{"uv":[7.835294,1.5686275,5.647059,5.019608],"tintindex":0,"rotation":0,"texture":"#0"},"down":{"uv":[7.835294,1.5686275,5.647059,5.019608],"tintindex":0,"rotation":0,"texture":"#0"}}},{"from":[6.9,3.3249998,10.04],"to":[9.1,5.325,12.29],"faces":{"east":{"uv":[6.423529,3.4509804,3.764706,4.392157],"tintindex":0,"rotation":0,"texture":"#0"},"south":{"uv":[6.423529,3.4509804,3.764706,4.392157],"tintindex":0,"rotation":0,"texture":"#0"},"north":{"uv":[6.423529,3.4509804,3.764706,4.392157],"tintindex":0,"rotation":0,"texture":"#0"},"west":{"uv":[6.423529,3.4509804,3.764706,4.392157],"tintindex":0,"rotation":0,"texture":"#0"},"up":{"uv":[6.423529,3.4509804,3.764706,4.392157],"tintindex":0,"rotation":0,"texture":"#0"},"down":{"uv":[6.423529,3.4509804,3.764706,4.392157],"tintindex":0,"rotation":0,"texture":"#0"}}},{"from":[6.8500004,2.3249998,6.89],"to":[9.15,7.825,9.19],"faces":{"east":{"uv":[1.882353,11.294118,2.8235295,11.607843],"tintindex":0,"rotation":0,"texture":"#0"},"south":{"uv":[1.882353,11.294118,2.8235295,11.607843],"tintindex":0,"rotation":0,"texture":"#0"},"north":{"uv":[1.882353,11.294118,2.8235295,11.607843],"tintindex":0,"rotation":0,"texture":"#0"},"west":{"uv":[1.882353,11.294118,2.8235295,11.607843],"tintindex":0,"rotation":0,"texture":"#0"},"up":{"uv":[1.882353,11.294118,2.8235295,11.607843],"tintindex":0,"rotation":0,"texture":"#0"},"down":{"uv":[1.882353,11.294118,2.8235295,11.607843],"tintindex":0,"rotation":0,"texture":"#0"}}}],"display":{"head":{"rotation":[0.0,0.0,0.0]},"firstperson_righthand":{"rotation":[0.0,0.0,0.0]},"thirdperson_lefthand":{"rotation":[0.0,-0.0,-0.0]},"firstperson_lefthand":{"rotation":[0.0,-0.0,-0.0]},"fixed":{"rotation":[0.0,0.0,0.0]},"ground":{"rotation":[0.0,0.0,0.0]},"thirdperson_righthand":{"rotation":[0.0,0.0,0.0]},"gui":{"rotation":[-150.0,-45.0,180.0]}}}