{"textures":{"0":"modelengine:entity/tsuyutex","particle":"#0"},"elements":[{"from":[6.690691,2.642857,7.5761075],"to":[9.29069,7.142857,10.176107],"faces":{"east":{"uv":[13.011765,0.3137255,11.294118,1.0980393],"tintindex":0,"rotation":0,"texture":"#0"},"south":{"uv":[13.011765,0.3137255,11.294118,1.0980393],"tintindex":0,"rotation":0,"texture":"#0"},"north":{"uv":[13.011765,0.3137255,11.294118,1.0980393],"tintindex":0,"rotation":0,"texture":"#0"},"west":{"uv":[13.011765,0.3137255,11.294118,1.0980393],"tintindex":0,"rotation":0,"texture":"#0"},"up":{"uv":[13.011765,0.3137255,11.294118,1.0980393],"tintindex":0,"rotation":0,"texture":"#0"},"down":{"uv":[13.011765,0.3137255,11.294118,1.0980393],"tintindex":0,"rotation":0,"texture":"#0"}}},{"from":[6.245411,2.392857,5.248164],"to":[6.495411,3.392857,7.198164],"faces":{"east":{"uv":[8.941176,0.39215687,9.552941,0.627451],"tintindex":0,"rotation":0,"texture":"#0"},"south":{"uv":[8.941176,0.39215687,9.552941,0.627451],"tintindex":0,"rotation":0,"texture":"#0"},"north":{"uv":[8.941176,0.39215687,9.552941,0.627451],"tintindex":0,"rotation":0,"texture":"#0"},"west":{"uv":[8.941176,0.39215687,9.552941,0.627451],"tintindex":0,"rotation":0,"texture":"#0"},"up":{"uv":[8.941176,0.39215687,9.552941,0.627451],"tintindex":0,"rotation":0,"texture":"#0"},"down":{"uv":[8.941176,0.39215687,9.552941,0.627451],"tintindex":0,"rotation":0,"texture":"#0"}},"rotation":{"origin":[6.370411,2.767857,7.523164],"angle":-45.0,"axis":"y"}},{"from":[6.690691,2.392857,6.026108],"to":[9.29069,3.142857,10.276108],"faces":{"east":{"uv":[13.011765,0.3137255,11.294118,1.0980393],"tintindex":0,"rotation":0,"texture":"#0"},"south":{"uv":[13.011765,0.3137255,11.294118,1.0980393],"tintindex":0,"rotation":0,"texture":"#0"},"north":{"uv":[13.011765,0.3137255,11.294118,1.0980393],"tintindex":0,"rotation":0,"texture":"#0"},"west":{"uv":[13.011765,0.3137255,11.294118,1.0980393],"tintindex":0,"rotation":0,"texture":"#0"},"up":{"uv":[13.011765,0.3137255,11.294118,1.0980393],"tintindex":0,"rotation":0,"texture":"#0"},"down":{"uv":[13.011765,0.3137255,11.294118,1.0980393],"tintindex":0,"rotation":0,"texture":"#0"}}},{"from":[6.5906906,1.6428571,5.826108],"to":[9.390691,2.392857,10.376108],"faces":{"east":{"uv":[8.941176,0.39215687,9.552941,0.627451],"tintindex":0,"rotation":0,"texture":"#0"},"south":{"uv":[8.941176,0.39215687,9.552941,0.627451],"tintindex":0,"rotation":0,"texture":"#0"},"north":{"uv":[8.941176,0.39215687,9.552941,0.627451],"tintindex":0,"rotation":0,"texture":"#0"},"west":{"uv":[8.941176,0.39215687,9.552941,0.627451],"tintindex":0,"rotation":0,"texture":"#0"},"up":{"uv":[8.941176,0.39215687,9.552941,0.627451],"tintindex":0,"rotation":0,"texture":"#0"},"down":{"uv":[8.941176,0.39215687,9.552941,0.627451],"tintindex":0,"rotation":0,"texture":"#0"}}},{"from":[9.462748,2.392857,5.3213873],"to":[9.712748,3.392857,7.021387],"faces":{"east":{"uv":[8.941176,0.39215687,9.552941,0.627451],"tintindex":0,"rotation":0,"texture":"#0"},"south":{"uv":[8.941176,0.39215687,9.552941,0.627451],"tintindex":0,"rotation":0,"texture":"#0"},"north":{"uv":[8.941176,0.39215687,9.552941,0.627451],"tintindex":0,"rotation":0,"texture":"#0"},"west":{"uv":[8.941176,0.39215687,9.552941,0.627451],"tintindex":0,"rotation":0,"texture":"#0"},"up":{"uv":[8.941176,0.39215687,9.552941,0.627451],"tintindex":0,"rotation":0,"texture":"#0"},"down":{"uv":[8.941176,0.39215687,9.552941,0.627451],"tintindex":0,"rotation":0,"texture":"#0"}},"rotation":{"origin":[9.587748,2.767857,7.3463874],"angle":45.0,"axis":"y"}}],"display":{"head":{"rotation":[0.0,0.0,0.0]},"firstperson_righthand":{"rotation":[0.0,0.0,0.0]},"thirdperson_lefthand":{"rotation":[0.0,-0.0,-0.0]},"firstperson_lefthand":{"rotation":[0.0,-0.0,-0.0]},"fixed":{"rotation":[0.0,0.0,0.0]},"ground":{"rotation":[0.0,0.0,0.0]},"thirdperson_righthand":{"rotation":[0.0,0.0,0.0]},"gui":{"rotation":[-150.0,-45.0,180.0]}}}