{"textures":{"0":"modelengine:entity/tsuyutex","particle":"#0"},"elements":[{"from":[4.55,-1.333333,5.8166666],"to":[8.75,9.666667,10.316667],"faces":{"east":{"uv":[7.835294,0.4392157,4.2352943,6.27451],"tintindex":0,"rotation":0,"texture":"#0"},"south":{"uv":[7.835294,0.4392157,4.2352943,6.27451],"tintindex":0,"rotation":0,"texture":"#0"},"north":{"uv":[7.835294,0.4392157,4.2352943,6.27451],"tintindex":0,"rotation":0,"texture":"#0"},"west":{"uv":[7.835294,0.4392157,4.2352943,6.27451],"tintindex":0,"rotation":0,"texture":"#0"},"up":{"uv":[7.835294,0.4392157,4.2352943,6.27451],"tintindex":0,"rotation":0,"texture":"#0"},"down":{"uv":[7.835294,0.4392157,4.2352943,6.27451],"tintindex":0,"rotation":0,"texture":"#0"}}}],"display":{"head":{"rotation":[0.0,0.0,0.0]},"firstperson_righthand":{"rotation":[0.0,0.0,0.0]},"thirdperson_lefthand":{"rotation":[0.0,-0.0,-0.0]},"firstperson_lefthand":{"rotation":[0.0,-0.0,-0.0]},"fixed":{"rotation":[0.0,0.0,0.0]},"ground":{"rotation":[0.0,0.0,0.0]},"thirdperson_righthand":{"rotation":[0.0,0.0,0.0]},"gui":{"rotation":[-150.0,-45.0,180.0]}}}